UID Route,OD Pair Name,Departure,Arrival,Num. of Flights,Cruise Time (min),Total Taxi/Idle (min),Fuel Consumption (kg/pax/mi),CO2 (kg/pax/mi),HC (kg/pax/mi),CO (kg/pax/mi),NOx (kg/pax/mi),NOx Dep Airport (kg/pax/mi),NOx Arr Airport (kg/pax/mi),PM (kg/pax/mi),PM Dep Airport (kg/pax/mi),PM Arr Airport (kg/pax/mi),Pax,Distance (mi),True Dist (mi),Dep Lat,Dep Lon,Arr Lat,Arr Lon,Route Type,Common A/C Type,CO2 Community,Upper/Lower Half,Speed Ratio,Freq. Alice Equivalent,Freq. ZA Equivalent,Flight Hr. Coef,Num. Jet AC,EA EF (kg CO2 eq),ZA EF (kg CO2 eq)
APCBUR,APCBUR,APC,BUR,13,45.02307692,16.42307692,0.602458327,1.898640651,0.00022637099999999998,0.004159595,0.008272005,0.0008498830000000001,0.000226811,5.8399999999999997e-05,1.24e-06,9.15e-08,8.538461538,352.8614606,352.8614606,38.2132,-122.280998,34.20069885,-118.35900120000001,Intra-CA,C680,24.68232846,1,2.090909090909091,13.0,13.0,0.0006525679875151515,0.003279740740514815,0.0436,0.9828583332999999
BURAPC,APCBUR,BUR,APC,20,49.2,18.5,0.6619277370000001,2.086048777,0.00022670900000000001,0.004738333,0.009143122,0.000914158,0.000253312,6.759999999999999e-05,1.05e-06,1.0900000000000001e-07,8.8,352.8614606,352.8614606,34.20069885,-118.35900120000001,38.2132,-122.280998,Intra-CA,C680,41.72097555,1,2.090909090909091,20.0,20.0,0.0007126262626262626,0.005513703703703704,0.4268,10.67610304
LASAPC,APCLAS,LAS,APC,22,60.28181818,21.18181818,0.617314367,1.94502605,0.000643294,0.0035419490000000004,0.007364997,0.001970319,0.00037231,0.00011642299999999999,2.47e-06,2.91e-07,10.04545455,338.0024811,419.9895309331491,36.08010101,-115.15200039999999,38.2132,-122.280998,Domestic Out-of-CA,C750,42.79057309,1,2.4,44.0,22.0,0.0009597676767333334,0.007424981481255556,0.547,11.4239039
APCLAX,APCLAX,APC,LAX,18,49.32222222,23.22222222,0.663920132,2.092507566,0.00020731099999999998,0.004293293,0.008707486,0.00102157,0.000291135,7.829999999999999e-05,4.78e-07,8.119999999999999e-08,9.833333332999999,365.5560348,365.5560348,38.2132,-122.280998,33.94250107,-118.40799709999999,Intra-CA,C680,37.66513619,1,2.090909090909091,36.0,18.0,0.0007402805835757574,0.0049824259257,0.0436,0.9828583332999999
LAXAPC,APCLAX,LAX,APC,36,51.71111111,20.27777778,0.539266984,1.699770622,0.000485935,0.004543213,0.006759018,0.001119737,0.000260267,6.78e-05,1.73e-06,1.91e-07,11.46502432,365.5560348,365.5560348,33.94250107,-118.40799709999999,38.2132,-122.280998,Intra-CA,C680,61.19174238,1,2.090909090909091,72.0,36.0,0.0007516722783383837,0.0104328148146,0.3211,8.998573784
APCOAK,APCOAK,APC,OAK,19,8.889473684,18.71052632,2.064179968,6.512385105,0.0016659429999999998,0.021221151,0.023646525,0.009235766999999999,0.002472335,0.00010981700000000001,1.49e-05,1.82e-06,9.157894737000001,34.08410307,34.08410307,38.2132,-122.280998,37.721298,-122.221001,Intra-CA,C680,123.735317,1,2.090909090909091,19.0,19.0,0.0002455422647737374,0.0009833888888740741,0.0436,0.9828583332999999
OAKAPC,APCOAK,OAK,APC,56,6.0642857139999995,16.96428571,2.091799317,6.603469334,0.0064418290000000005,0.028379036,0.027309464,0.016311416000000002,0.00335992,0.00010154,1.9699999999999998e-05,2.2e-06,9.035714286000001,34.08410307,34.08410307,37.721298,-122.221001,38.2132,-122.280998,Intra-CA,C680,369.7942827,1,2.090909090909091,56.0,56.0,0.0002030230879959596,0.002010407407296296,0.0436,0.9828583332999999
SANAPC,APCSAN,SAN,APC,26,65.25384615,20.03846154,0.5989544410000001,1.887465824,0.00018233099999999999,0.00379404,0.008156719,0.000657279,0.000179492,6.87e-05,1.07e-06,1.1e-07,8.615384615,474.30254169999995,474.30254169999995,32.73360062,-117.1900024,38.2132,-122.280998,Intra-CA,C680,49.07411143,1,2.090909090909091,26.0,26.0,0.0009076573426212121,0.009490407406855556,0.2097,5.432096276
APCSFO,APCSFO,APC,SFO,27,13.32222222,19.83333333,2.4317692859999998,7.670962726,0.00736914,0.032759601,0.033079408,0.013631987,0.003041045,0.00015206,1.89e-05,2.28e-06,8.666666667000001,41.30204309,41.30204309,38.2132,-122.280998,37.61899948,-122.375,Intra-CA,C680,207.1159936,1,2.090909090909091,27.0,27.0,0.0003032716048939394,0.002065166666325,0.0436,0.9828583332999999
SFOAPC,APCSFO,SFO,APC,72,6.933333332999999,22.77777778,1.702127254,5.371785761,0.0020110939999999997,0.019521699,0.020029371,0.009383163,0.002262039,8.56e-05,1.3300000000000001e-05,1.42e-06,9.0,41.30204309,41.30204309,37.61899948,-122.375,38.2132,-122.280998,Intra-CA,C680,386.7685748,1,2.090909090909091,72.0,72.0,0.00024541526375707073,0.0029711851850666663,0.024,0.7128
APCSJC,APCSJC,APC,SJC,43,17.44883721,17.01162791,1.713916725,5.40429931,0.001186591,0.014649545,0.022221689,0.0064686890000000006,0.0015534129999999998,0.000129179,6.09e-06,7.079999999999999e-07,9.465116279,61.74639319,61.74639319,38.2132,-122.280998,37.362598,-121.929001,Intra-CA,C680,232.38487039999998,1,2.090909090909091,43.0,43.0,0.00033553089032323236,0.0042635370372157404,0.0436,0.9828583332999999
SJCAPC,APCSJC,SJC,APC,50,13.14,17.82,1.364586607,4.303067619,0.001015646,0.012883483999999999,0.017261639,0.005100953,0.0013458720000000001,7.37e-05,3.27e-06,3.35e-07,8.96,61.74639319,61.74639319,37.362598,-121.929001,38.2132,-122.280998,Intra-CA,C680,215.153381,1,2.090909090909091,50.0,50.0,0.00028996969696969696,0.0037644444444444453,0.0436,0.9828583332999999
APCSNA,APCSNA,APC,SNA,58,57.92758621,18.56896552,0.7018190129999999,2.212657632,0.002909507,0.008023935,0.008700453,0.002415837,0.000386842,8.79e-05,5.22e-06,5.54e-07,9.051724137999999,398.7366369,398.7366369,38.2132,-122.280998,33.67570114,-117.86799620000001,Intra-CA,C680,128.3341426,1,2.090909090909091,58.0,58.0,0.0008143904563383838,0.01880233333434815,0.0436,0.9828583332999999
SNAAPC,APCSNA,SNA,APC,44,57.19090909,18.36363636,0.6830259390000001,2.153416221,0.002615496,0.007741001,0.008482254,0.0023215889999999998,0.000375823,8.2e-05,4.78e-06,5.079999999999999e-07,9.045454545,398.7366369,398.7366369,33.67570114,-117.86799620000001,38.2132,-122.280998,Intra-CA,C680,94.75031373,1,2.090909090909091,44.0,44.0,0.0008046923782979798,0.014082925925688886,0.1298,3.7754140539999996
APCVNY,APCVNY,APC,VNY,63,45.25873016,17.91269841,0.629974543,1.985805803,0.000609829,0.0045929890000000004,0.007464608,0.001393577,0.000298947,7.44e-05,1.45e-06,1.68e-07,10.31746032,347.86332519999996,347.86332519999996,38.2132,-122.280998,34.20980072,-118.4899979,Intra-CA,C680,125.1057656,1,2.090909090909091,126.0,63.0,0.000663581048580808,0.015985296296725,0.0436,0.9828583332999999
VNYAPC,APCVNY,VNY,APC,66,47.37272727,18.01515152,0.664264702,2.093664339,0.00038854,0.004505197,0.007906123000000001,0.001231238,0.00028613,9.059999999999999e-05,1.07e-06,1.29e-07,10.62121212,347.86332519999996,347.86332519999996,34.20980072,-118.4899979,38.2132,-122.280998,Intra-CA,C680,138.18184630000002,1,2.090909090909091,132.0,66.0,0.0006887067646111112,0.01752225925828889,0.3211,8.998573784
BFLVNY,BFLVNY,BFL,VNY,18,18.71111111,19.22222222,1.1807908759999999,3.723574202,0.00045316199999999996,0.009138225,0.012716706999999999,0.0038220759999999998,0.0009037930000000001,7.890000000000001e-05,2.7e-06,3.0399999999999997e-07,11.88888889,90.30792983,90.30792983,35.43360138,-119.0569992,34.20980072,-118.4899979,Intra-CA,G400,67.02433564,1,2.1522727272727273,36.0,18.0,0.000368853535327904,0.0019146481480333336,0.0436,0.9828583332999999
VNYBFL,BFLVNY,VNY,BFL,15,16.43333333,17.56666667,1.035968895,3.267940124,0.0009623260000000001,0.009538154,0.010815834,0.004371812,0.000943996,6.07e-05,4.09e-06,4.5700000000000003e-07,12.13333333,90.30792983,90.30792983,34.20980072,-118.4899979,35.43360138,-119.0569992,Intra-CA,G400,49.01910186,1,2.1522727272727273,30.0,15.0,0.0003324204545241162,0.0014034259256527778,0.3211,8.998573784
BURLAX,BURLAX,BUR,LAX,88,4.395454545,24.93181818,1.297377813,4.0960445519999995,0.002762133,0.015328788999999999,0.018214738,0.010242855,0.002372881,5.6399999999999995e-05,2.12e-05,3.1e-06,43.47727273,18.01675569,18.01675569,34.20069885,-118.35900120000001,33.94250107,-118.40799709999999,Intra-CA,C680,360.4519205,1,2.090909090909091,440.0,264.0,0.00022790174470454545,0.0024082592590222223,0.4268,10.67610304
LAXBUR,BURLAX,LAX,BUR,154,3.957142857,21.04545455,1.0847309920000001,3.424392262,0.001897159,0.01085544,0.016935191000000002,0.00999688,0.00168521,4.7499999999999996e-05,1.91e-05,1.8e-06,53.52727273,18.01675569,18.01675569,33.94250107,-118.40799709999999,34.20069885,-118.35900120000001,Intra-CA,C680,527.3564083000001,1,2.090909090909091,924.0,616.0,0.00020121933624292926,0.003784037036979629,0.3211,8.998573784
BURLGB,BURLGB,BUR,LGB,15,9.766666667,17.56666667,0.45166865799999995,1.424832655,0.000195305,0.002802965,0.006309809,0.0024177129999999997,0.000517388,2.0600000000000003e-05,3.56e-06,6.520000000000001e-07,85.19999999,28.94859724,28.94859724,34.20069885,-118.35900120000001,33.81769943,-118.15200039999999,Intra-CA,CL700RJ,21.37248982,1,2.0318181818181817,150.0,90.0,0.00024617087544315653,0.0008478703704027777,0.4268,10.67610304
LGBBUR,BURLGB,LGB,BUR,27,6.988888889,17.09259259,0.43791362100000003,1.3819862509999998,0.000267011,0.003050241,0.005957631,0.002754493,0.000650038,1.86e-05,4.62e-06,7.55e-07,84.59259259,28.94859724,28.94859724,33.81769943,-118.15200039999999,34.20069885,-118.35900120000001,Intra-CA,CL700RJ,37.31362878,1,2.0318181818181817,270.0,162.0,0.00021218191169654037,0.0011083148148249998,0.1298,3.7754140539999996
BURMRY,BURMRY,BUR,MRY,21,36.57619048,16.73809524,0.606098286,1.9108198369999998,0.000900607,0.005031715,0.007345821,0.001640843,0.00030450700000000003,4.47e-05,2.5e-06,2.4e-07,10.68257476,256.3722483,256.3722483,34.20069885,-118.35900120000001,36.587001799999996,-121.84300230000001,Intra-CA,G400,40.12721657,1,2.1522727272727273,42.0,21.0,0.0005686668470979798,0.004313185185633334,0.4268,10.67610304
MRYBUR,BURMRY,MRY,BUR,14,35.52857143,17.35714286,0.733574253,2.313328783,0.0014579329999999998,0.007546866,0.007935565,0.002669886,0.00043669900000000003,6.809999999999999e-05,4.21e-06,4.21e-07,10.42857143,256.3722483,256.3722483,36.587001799999996,-121.84300230000001,34.20069885,-118.35900120000001,Intra-CA,G400,32.38660297,1,2.1522727272727273,28.0,14.0,0.0005595795454875,0.0027947777778925924,0.0436,0.9828583332999999
BURONT,BURONT,BUR,ONT,36,10.01666667,17.86111111,0.630482962,1.988572613,0.00121756,0.0050161120000000005,0.01143289,0.004202020999999999,0.0006998960000000001,3.74e-05,6.62e-06,1.09e-06,81.90268875,44.57771219,44.57771219,34.20069885,-118.35900120000001,34.05599976,-117.60099790000001,Intra-CA,A306,71.58861406,1,2.0454545454545454,360.0,216.0,0.0002513874860025252,0.002085870371033333,0.4268,10.67610304
ONTBUR,BURONT,ONT,BUR,31,11.5516129,13.66129032,0.413024204,1.302853639,0.000280875,0.002442847,0.00694589,0.002920157,0.00050139,2.8899999999999998e-05,7.6e-06,2.9e-07,79.14309347,44.57771219,44.57771219,34.05599976,-117.60099790000001,34.20069885,-118.35900120000001,Intra-CA,A306,40.3884628,1,2.0454545454545454,279.0,186.0,0.00024549771907575755,0.0020484629624000004,0.1298,3.7754140539999996
BURPSP,BURPSP,BUR,PSP,14,21.52857143,16.42857143,0.552266622,1.741109305,0.000227027,0.0040412009999999995,0.006680856999999999,0.001433955,0.000404776,4.23e-05,1.69e-06,1.6300000000000002e-07,19.71428571,109.3260726,109.3260726,34.20069885,-118.35900120000001,33.82970047,-116.50700379999999,Intra-CA,C680,24.37553027,1,2.090909090909091,42.0,28.0,0.00037968253970707076,0.0017046851852981482,0.4268,10.67610304
BURSAN,BURSAN,BUR,SAN,54,27.1,16.57407407,0.445619427,1.404745711,0.000440539,0.0029181420000000003,0.006749603000000001,0.001517933,0.000272006,3.63e-05,3.19e-06,1.54e-07,33.11111111,121.58062759999999,121.58062759999999,34.20069885,-118.35900120000001,32.73360062,-117.1900024,Intra-CA,C750,75.8562684,1,2.4,216.0,162.0,0.0004917448559444445,0.008247370370350001,0.4268,10.67610304
SANBUR,BURSAN,SAN,BUR,60,23.06666667,17.4,0.38792413,1.223292298,0.0006631060000000001,0.003305928,0.00510485,0.001598337,0.000278233,2.72e-05,3.09e-06,2.03e-07,30.63333333,121.58062759999999,121.58062759999999,32.73360062,-117.1900024,34.20069885,-118.35900120000001,Intra-CA,C750,73.39753786,1,2.4,240.0,180.0,0.00044255555559999995,0.00782388889,0.2097,5.432096276
BURSBA,BURSBA,BUR,SBA,16,15.5375,18.8125,0.646258443,2.038381266,0.000389817,0.004941905,0.007289575,0.0021208760000000003,0.0006005930000000001,3.69e-05,4.28e-06,4.0700000000000003e-07,18.6875,86.11683045,86.11683045,34.20069885,-118.35900120000001,34.42620087,-119.8399963,Intra-CA,CL600RJ,32.61410025,1,1.9272727272727272,48.0,32.0,0.0003092083333333333,0.0014192037037037038,0.4268,10.67610304
SBABUR,BURSBA,SBA,BUR,15,14.56666667,17.76666667,0.99580395,3.141044828,0.000741405,0.00848264,0.010436741,0.0032855379999999997,0.000771404,6.8e-05,1.06e-05,1.05e-06,9.7,86.11683045,86.11683045,34.42620087,-119.8399963,34.20069885,-118.35900120000001,Intra-CA,CL600RJ,47.11567242,1,1.9272727272727272,30.0,15.0,0.0002930033670575757,0.0012481481484305555,0.0436,0.9828583332999999
BURSNA,BURSNA,BUR,SNA,54,13.98888889,18.98148148,1.435632118,4.531254105,0.008354649,0.023981181,0.019720263000000002,0.011421246000000001,0.001757445,0.000104021,3.01e-05,2.9e-06,18.62962963,45.87946828,45.87946828,34.20069885,-118.35900120000001,33.67570114,-117.86799620000001,Intra-CA,BE400,244.68772169999997,1,2.0318181818181817,162.0,108.0,0.0003016908903896464,0.0043260740744,0.4268,10.67610304
SNABUR,BURSNA,SNA,BUR,49,13.99795918,14.37755102,1.6565158619999998,5.227738135,0.009230596,0.02579975,0.023695689,0.01320017,0.001955355,0.000123566,3.229999999999999e-05,2.94e-06,14.04081633,45.87946828,45.87946828,33.67570114,-117.86799620000001,34.20069885,-118.35900120000001,Intra-CA,BE400,256.1591686,1,2.0318181818181817,98.0,49.0,0.0002762158832792929,0.003907092591590741,0.1298,3.7754140539999996
BURSTS,BURSTS,BUR,STS,12,55.68333333,17.5,0.663406771,2.091676735,0.001722027,0.007682128000000001,0.008862891999999999,0.0024767870000000003,0.00044998300000000005,8.070000000000001e-05,3.55e-06,4.1200000000000004e-07,9.25,387.12704260000004,387.12704260000004,34.20069885,-118.35900120000001,38.50899887,-122.8130035,Intra-CA,C680,25.10012083,1,2.090909090909091,12.0,12.0,0.0007823821548434344,0.0037393333331111117,0.4268,10.67610304
STSBUR,BURSTS,STS,BUR,13,51.63846154,15.57692308,0.612004366,1.9295562609999999,0.001401248,0.00629747,0.00839359,0.002314751,0.000407376,7.85e-05,3.15e-06,3.4899999999999996e-07,9.230769231,387.12704260000004,387.12704260000004,38.50899887,-122.8130035,34.20069885,-118.35900120000001,Intra-CA,C680,25.08423139,1,2.090909090909091,13.0,13.0,0.0007247125097474747,0.0037565000001148156,0.0436,0.9828583332999999
BURTRM,BURTRM,BUR,TRM,20,21.55,21.45,1.084968589,3.4245831780000002,0.004813732,0.017679811,0.013331136,0.007965706999999999,0.0014398979999999998,7.37e-05,1.25e-05,1.52e-06,9.4,132.4063599,132.4063599,34.20069885,-118.35900120000001,33.62670135,-116.1600037,Intra-CA,C550,68.49166356,1,1.8318181818181818,20.0,20.0,0.00037680934343434344,0.0024469444444444447,0.4268,10.67610304
TRMBUR,BURTRM,TRM,BUR,13,27.79230769,15.88461538,1.130315854,3.5670732760000003,0.003961747,0.016282765,0.014909626,0.008220945,0.001397816,8.109999999999999e-05,1.0300000000000001e-05,1.22e-06,9.461538462,132.4063599,132.4063599,33.62670135,-116.1600037,34.20069885,-118.35900120000001,Intra-CA,C550,46.37195259,1,1.8318181818181818,13.0,13.0,0.00040941705511792924,0.0020346481479759262,0.2809,6.02298322
BURVNY,BURVNY,BUR,VNY,83,2.051807229,17.95783133,7.0446564,22.25081853,0.006779266,0.07851307,0.076756888,0.053138776,0.012004293000000001,0.00016247,5.539999999999999e-05,6.11e-06,10.19277108,7.527952882,7.527952882,34.20069885,-118.35900120000001,34.20980072,-118.4899979,Intra-CA,C680,1846.817938,1,2.090909090909091,166.0,83.0,0.00016193318732171718,0.0011371481482231483,0.4268,10.67610304
VNYBUR,BURVNY,VNY,BUR,68,5.055882353,16.73529412,8.533952883,26.93792862,0.007326128,0.09132025699999999,0.086273888,0.052553632999999995,0.010756241000000001,0.000289265,4.99e-05,4.63e-06,10.07352941,7.527952882,7.527952882,34.20980072,-118.4899979,34.20069885,-118.35900120000001,Intra-CA,C680,1831.779146,1,2.090909090909091,136.0,68.0,0.00019003713608030303,0.002058814814851852,0.3211,8.998573784
CCROAK,CCROAK,CCR,OAK,14,3.528571429,19.07142857,2.421791775,7.648956427000001,0.0035327320000000002,0.036550394,0.019467566000000002,0.01161754,0.003581236,0.000156234,0.00010041200000000001,1.0300000000000001e-05,8.714285713999999,20.56927219,20.56927219,37.98970032,-122.0569992,37.721298,-122.221001,Intra-CA,CL600,107.08538999999999,1,2.0954545454545452,14.0,14.0,0.00018536327561032825,0.00030811111114259265,0.0436,0.9828583332999999
OAKCCR,CCROAK,OAK,CCR,14,6.1,18.21428571,5.440631141,17.1871212,0.052646723,0.130997556,0.076712426,0.061404999,0.008925187,0.00040385599999999996,0.00020014,2.1e-05,8.428571429,20.56927219,20.56927219,37.721298,-122.221001,37.98970032,-122.0569992,Intra-CA,CL600,240.61969680000004,1,2.0954545454545452,14.0,14.0,0.00021053643576262622,0.0005069999999944444,0.0436,0.9828583332999999
CCRSFO,CCRSFO,CCR,SFO,14,10.24285714,19.21428571,2.2109171030000003,6.977879371,0.002551744,0.026936584,0.018234217,0.006508661999999999,0.002231892,0.00016591200000000002,6.64e-05,7.88e-06,8.857142857000001,30.92647034,30.92647034,37.98970032,-122.0569992,37.61899948,-122.375,Intra-CA,CL600,97.69031119,1,2.0954545454545452,14.0,14.0,0.00026432070701363635,0.0008305185182907408,0.0436,0.9828583332999999
SFOCCR,CCRSFO,SFO,CCR,18,5.544444444,23.5,2.647761573,8.360277022,0.01141848,0.045600815,0.028966116,0.01885394,0.00336298,0.00011672200000000001,4.23e-05,4.33e-06,9.666666667000001,30.92647034,30.92647034,37.61899948,-122.375,37.98970032,-122.0569992,Intra-CA,CL600,150.4849864,1,2.0954545454545452,36.0,18.0,0.00023343406284555553,0.0006051111110666666,0.024,0.7128
CCRSJC,CCRSJC,CCR,SJC,16,17.85,16.5,2.647534578,8.348980625,0.010036936,0.037262162,0.038742649,0.014589119,0.002744123,0.000179801,2.3e-05,2.31e-06,8.0,43.81431243,43.81431243,37.98970032,-122.0569992,37.362598,-121.929001,Intra-CA,C680,133.58369,1,2.090909090909091,16.0,16.0,0.0003373484848484849,0.0016213333333333336,0.0436,0.9828583332999999
SNACCR,CCRSNA,SNA,CCR,14,60.45714286,18.07142857,0.803134415,2.532778082,0.005524048,0.01246372,0.010681353000000001,0.004164422,0.000582078,0.000102694,1.0300000000000001e-05,1.09e-06,8.357142857000001,379.0774668,379.0774668,33.67570114,-117.86799620000001,37.98970032,-122.0569992,Intra-CA,BE400,35.45889315,1,2.0318181818181817,14.0,14.0,0.0008211630591873735,0.004734592592812963,0.1298,3.7754140539999996
CNOSNA,CNOSNA,CNO,SNA,13,1.9461538459999999,19.03846154,8.407302232000001,26.56595256,0.10755746599999999,0.251350456,0.136880681,0.120526657,0.014950488,0.000404839,0.00031052200000000003,3.28e-05,8.0,24.52002247,24.52002247,33.97470093,-117.637001,33.67570114,-117.86799620000001,Intra-CA,BE400,345.3573832,1,2.0318181818181817,13.0,13.0,0.00016607051282732324,0.00017177777776851853,0.1298,3.7754140539999996
SNACNO,CNOSNA,SNA,CNO,15,5.7,17.43333333,8.024560266,25.35415737,0.09629062599999999,0.22042143,0.129572175,0.11128317,0.014039887,0.000496434,0.00029446400000000003,3.12e-05,8.066666667,24.52002247,24.52002247,33.67570114,-117.86799620000001,33.97470093,-117.637001,Intra-CA,BE400,380.31236060000003,1,2.0318181818181817,15.0,15.0,0.00019952609425757576,0.0005087962962916667,0.1298,3.7754140539999996
CNOVNY,CNOVNY,CNO,VNY,15,11.43333333,17.5,1.551631655,4.896763,0.001227376,0.016865881,0.012211773,0.005288985,0.001266198,9.71e-05,3.2500000000000004e-05,3.26e-06,10.0,51.52755367,51.52755367,33.97470093,-117.637001,34.20980072,-118.4899979,Intra-CA,CL600,73.45144499,1,2.0954545454545452,30.0,15.0,0.0002686557238669192,0.000986666666388889,0.1298,3.7754140539999996
FATOAK,FATOAK,FAT,OAK,118,24.64237288,17.11016949,0.25753849,0.8122242159999999,9.05e-05,0.001137295,0.003926179,0.001554856,0.000270504,2.64e-05,1.55e-06,2.0199999999999998e-07,104.21809909999999,152.59714230000003,152.59714230000003,36.77619934,-119.71800230000001,37.721298,-122.221001,Intra-CA,B752,95.84245752,0,2.0954545454545452,1416.0,826.0,0.00042026189862323226,0.016416777776872223,0.0436,0.9828583332999999
OAKFAT,FATOAK,OAK,FAT,110,25.13636364,20.91818182,0.258772457,0.816136223,0.00010967799999999999,0.0012717339999999998,0.003879127,0.001510054,0.00025397799999999997,2.6000000000000002e-05,1.56e-06,1.95e-07,106.16208540000001,152.59714230000003,152.59714230000003,37.721298,-122.221001,36.77619934,-119.71800230000001,Intra-CA,B752,89.77498456,0,2.0954545454545452,1320.0,880.0,0.00044716827369797977,0.015644444446685186,0.0436,0.9828583332999999
FATSJC,FATSJC,FAT,SJC,42,20.24285714,17.97619048,0.6363914829999999,2.006530183,0.00024684,0.0043187090000000004,0.007831936,0.00146137,0.00040172900000000003,3.98e-05,3.5e-06,2.93e-07,12.76190476,128.69162120000001,128.69162120000001,36.77619934,-119.71800230000001,37.362598,-121.929001,Intra-CA,E175,84.27426771,1,1.9545454545454546,84.0,42.0,0.00035800986050000004,0.004820074073422222,0.0436,0.9828583332999999
SJCFAT,FATSJC,SJC,FAT,46,20.18695652,15.5,0.744108555,2.3461193430000002,0.000205094,0.004142418,0.009963631,0.00200091,0.000524115,5.96e-05,4.59e-06,3.9e-07,13.95652174,128.69162120000001,128.69162120000001,37.362598,-121.929001,36.77619934,-119.71800230000001,Intra-CA,E175,107.9214898,1,1.9545454545454546,92.0,46.0,0.00034364624504040406,0.005254296295851852,0.0436,0.9828583332999999
FATSMF,FATSMF,FAT,SMF,13,28.02307692,19.03846154,0.362623221,1.143088473,6.850000000000001e-05,0.001899799,0.004512844,0.000708913,0.000209653,2.22e-05,1.57e-06,8.619999999999999e-08,33.11538462,167.4534959,167.4534959,36.77619934,-119.71800230000001,38.69540024,-121.5910034,Intra-CA,CL700RJ,14.86015015,0,2.0318181818181817,52.0,39.0,0.0004604236596474747,0.0020551111108907407,0.0436,0.9828583332999999
FATSNA,FATSNA,FAT,SNA,14,47.17142857,16.28571429,0.765807131,2.414621394,0.0030963790000000002,0.008480005,0.009516844,0.0029179370000000002,0.00048361599999999997,0.00011892299999999999,7.04e-06,7.76e-07,14.21428571,237.97122230000002,237.97122230000002,36.77619934,-119.71800230000001,33.67570114,-117.86799620000001,Intra-CA,BE400,33.80469951,1,2.0318181818181817,28.0,14.0,0.0006612748917825757,0.003698944444338889,0.0436,0.9828583332999999
SNAFAT,FATSNA,SNA,FAT,19,36.88947368,16.86842105,0.7943839309999999,2.505153675,0.0033202170000000003,0.009636472,0.010402235,0.003557447,0.000610733,0.000101625,7e-06,7.709999999999999e-07,9.526315789,237.97122230000002,237.97122230000002,33.67570114,-117.86799620000001,36.77619934,-119.71800230000001,Intra-CA,BE400,47.59791983,1,2.0318181818181817,38.0,19.0,0.0005484506910595959,0.00393570370325463,0.1298,3.7754140539999996
FATVNY,FATVNY,FAT,VNY,12,28.18333333,17.75,0.770863706,2.430239136,0.000233088,0.005266621,0.009534724,0.0018854070000000002,0.00046002300000000005,9.22e-05,8.529999999999999e-07,1.2e-07,10.5,189.989155,189.989155,36.77619934,-119.71800230000001,34.20980072,-118.4899979,Intra-CA,C680,29.16286963,1,2.090909090909091,24.0,12.0,0.00046432659928787875,0.0019062777775555554,0.0436,0.9828583332999999
VNYFAT,FATVNY,VNY,FAT,12,27.35,18.25,0.7496627370000001,2.363287821,0.00029925,0.005858844,0.009604691,0.001755405,0.000440913,6.8e-05,7.65e-07,8.44e-08,9.583333332999999,189.989155,189.989155,34.20980072,-118.4899979,36.77619934,-119.71800230000001,Intra-CA,C680,28.35945385,1,2.090909090909091,24.0,12.0,0.0004574242424242424,0.0018512777777777776,0.3211,8.998573784
FLGLAX,FLGLAX,FLG,LAX,17,54.1,25.85294118,0.18997977600000002,0.598616808,0.000150991,0.0009867810000000002,0.002088296,0.000378778,0.00010673200000000001,1.57e-05,1.91e-06,2.4399999999999996e-07,41.08823529,231.0754665,392.9301769360595,35.13850021,-111.6709976,33.94250107,-118.40799709999999,Domestic Out-of-CA,CL700RJ,10.17648574,0,2.0318181818181817,85.0,51.0,0.0007926350267575757,0.005161000000005555,0.3645,9.343433683999999
LAXFLG,FLGLAX,LAX,FLG,18,53.15555556,22.83333333,0.21224462600000002,0.668956398,0.000216873,0.001387255,0.0023804670000000003,0.00039763300000000005,8.96e-05,1.8100000000000003e-05,2.07e-06,1.83e-07,39.30555555,231.0754665,392.9301769360595,33.94250107,-118.40799709999999,35.13850021,-111.6709976,Domestic Out-of-CA,CL700RJ,12.04121517,0,2.0318181818181817,90.0,54.0,0.000765198653230303,0.005365111111550001,0.3211,8.998573784
HHRSJC,HHRSJC,HHR,SJC,22,45.19090909,16.13636364,0.679291775,2.1409928480000002,0.00053725,0.006173346999999999,0.010488102,0.001445949,0.00035765,4.79e-05,9.98e-07,1.14e-07,8.181818182,311.62884260000004,311.62884260000004,33.922798,-118.334999,37.362598,-121.929001,Intra-CA,C680,47.10184265,1,2.090909090909091,22.0,22.0,0.000652924701570707,0.005570259259155556,0.1298,3.7754140539999996
SJCHHR,HHRSJC,SJC,HHR,20,44.7,18.2,0.6690576420000001,2.108805886,0.000566299,0.006043085,0.00987914,0.001494509,0.00036977099999999997,6.0299999999999995e-05,1e-06,1.2099999999999998e-07,8.7,311.62884260000004,311.62884260000004,37.362598,-121.929001,33.922798,-118.334999,Intra-CA,C680,42.17611772,1,2.090909090909091,20.0,20.0,0.0006586868686868687,0.0050131481481481485,0.0436,0.9828583332999999
LASLVK,LASLVK,LAS,LVK,21,56.62380952,19.16666667,0.636042902,2.003903455,0.00011755700000000001,0.00382928,0.00809708,0.001274528,0.000304722,9.2e-05,1.06e-06,1.26e-07,9.761904762,314.0679845,385.6357051730155,36.08010101,-115.15200039999999,37.69340134,-121.8199997,Domestic Out-of-CA,C680,42.08197256,1,2.090909090909091,42.0,21.0,0.0008025661375404041,0.006656796295858333,0.547,11.4239039
LVKLAS,LASLVK,LVK,LAS,13,53.25384615,20.03846154,0.653777367,2.060416,0.00016146299999999998,0.004132304,0.008086304,0.001256762,0.000302865,7.609999999999999e-05,7.4e-07,9.199999999999999e-08,10.0,314.0679845,385.6357051730155,37.69340134,-121.8199997,36.08010101,-115.15200039999999,Domestic Out-of-CA,C680,26.785408,1,2.090909090909091,26.0,13.0,0.0007682634032272728,0.003878537036761111,0.0436,0.9828583332999999
MRYLAS,LASMRY,MRY,LAS,148,53.49189189,18.19594595,0.125279847,0.394834736,0.00010981600000000001,0.000630065,0.002104546,0.00039366,6.96e-05,1.36e-05,1.1e-06,3.79e-08,98.53725601,322.41476989999995,374.83475575932096,36.587001799999996,-121.84300230000001,36.08010101,-115.15200039999999,Domestic Out-of-CA,A319,58.43554091,0,2.0336363636363637,1628.0,1036.0,0.0007437722358733838,0.04432612962812963,0.0436,0.9828583332999999
LASPSP,LASPSP,LAS,PSP,49,26.77346939,20.25510204,0.440448057,1.3878846440000001,0.00024638,0.0030278429999999997,0.0056590930000000005,0.001938456,0.000419467,3.8e-05,2.1e-06,1.6300000000000002e-07,15.14285714,138.36914919999998,173.14084212318306,36.08010101,-115.15200039999999,33.82970047,-116.50700379999999,Domestic Out-of-CA,C680,68.00634753,1,2.090909090909091,98.0,49.0,0.0004618666254595959,0.007411537037644443,0.547,11.4239039
PSPLAS,LASPSP,PSP,LAS,50,30.0,20.0,0.49199015100000004,1.5508500319999998,0.000268984,0.003512985,0.00637856,0.0014802779999999998,0.00035731099999999997,3.570000000000001e-05,2.04e-06,1.74e-07,17.99333333,138.36914919999998,173.14084212318306,33.82970047,-116.50700379999999,36.08010101,-115.15200039999999,Domestic Out-of-CA,C680,77.54250159,1,2.090909090909091,100.0,100.0,0.0004979292929292928,0.008457870370370369,0.1298,3.7754140539999996
LASSBA,LASSBA,LAS,SBA,17,41.68823529,20.38235294,0.509411944,1.605071869,0.000252196,0.003200664,0.00616166,0.001187127,0.00028983,4.5600000000000004e-05,2.76e-06,2.75e-07,10.52941176,252.69735490000002,288.53495091133004,36.08010101,-115.15200039999999,34.42620087,-119.8399963,Domestic Out-of-CA,C680,27.28622177,1,2.090909090909091,34.0,17.0,0.0006358259060656565,0.003980166666275926,0.547,11.4239039
SBALAS,LASSBA,SBA,LAS,31,42.19677419,17.98387097,0.630127189,1.985937517,0.000567777,0.0042469529999999995,0.008722190999999999,0.0013299829999999999,0.000316924,4.48e-05,1.39e-06,1.54e-07,9.483870968,252.69735490000002,288.53495091133004,34.42620087,-119.8399963,36.08010101,-115.15200039999999,Domestic Out-of-CA,C680,61.56406303,1,2.090909090909091,31.0,31.0,0.0006284082762828282,0.00733864814754352,0.0436,0.9828583332999999
STSLAS,LASSTS,STS,LAS,24,60.975,21.125,0.141349895,0.44544367700000004,4.59e-05,0.000537804,0.00213692,0.00030091,6.850000000000001e-05,1.64e-05,1.05e-06,2.58e-08,76.67361111,367.9552627,453.91789717509016,38.50899887,-122.8130035,36.08010101,-115.15200039999999,Domestic Out-of-CA,B738,10.69064826,0,2.059090909090909,216.0,144.0,0.0008532114898989901,0.00819227777777778,0.0436,0.9828583332999999
LASTRM,LASTRM,LAS,TRM,31,23.42258065,21.24193548,0.546378543,1.7222826,0.000852393,0.005192212,0.006488102,0.004698311,0.0009593039999999999,4.88e-05,5.9e-06,7.340000000000001e-07,8.741935483999999,141.85684530000003,178.55504348730307,36.08010101,-115.15200039999999,33.62670135,-116.1600037,Domestic Out-of-CA,C680,53.39076059,1,2.090909090909091,31.0,31.0,0.00042842456829797975,0.004114666667488889,0.547,11.4239039
TRMLAS,LASTRM,TRM,LAS,40,30.975,20.7,0.7955588859999999,2.508719705,0.001490913,0.008709438,0.01040588,0.003977447,0.00086036,7.54e-05,5.86e-06,7.340000000000001e-07,10.38426095,141.85684530000003,178.55504348730307,33.62670135,-116.1600037,36.08010101,-115.15200039999999,Domestic Out-of-CA,C680,100.3487882,1,2.090909090909091,80.0,40.0,0.0005131439393939393,0.006985555555555556,0.2809,6.02298322
LASVNY,LASVNY,LAS,VNY,491,35.09185336,20.21690428,0.640863037,2.019456443,0.00036581900000000003,0.0044623829999999995,0.006332964,0.0022818829999999997,0.000451877,7.32e-05,2.96e-06,3.07e-07,11.24090731,194.99003100000002,228.7729676245467,36.08010101,-115.15200039999999,34.20980072,-118.4899979,Domestic Out-of-CA,G400,991.5531135,1,2.1522727272727273,982.0,491.0,0.0005702452400898991,0.0969555925913963,0.547,11.4239039
VNYLAS,LASVNY,VNY,LAS,499,33.59298597,19.80460922,0.720653421,2.2718503290000003,0.0006772989999999999,0.005834328000000001,0.007939541999999999,0.002305503,0.00048472900000000004,7.28e-05,3.43e-06,3.82e-07,10.99982977,194.99003100000002,228.7729676245467,34.20980072,-118.4899979,36.08010101,-115.15200039999999,Domestic Out-of-CA,G400,1133.6533140000001,1,2.1522727272727273,998.0,499.0,0.0005500326486160353,0.09436107406875742,0.3211,8.998573784
LAXLGB,LAXLGB,LAX,LGB,120,8.7,19.66666667,2.7944230039999995,8.817167013999999,0.004126686,0.02099449,0.047383037,0.022016817999999997,0.0037852,0.00015185899999999998,2.71e-05,5.23e-06,43.35,17.04564698,17.04564698,33.94250107,-118.40799709999999,33.81769943,-118.15200039999999,Intra-CA,A306,1058.060042,1,2.0454545454545454,600.0,360.0,0.00024645622897474746,0.006095185185222222,0.3211,8.998573784
LGBLAX,LAXLGB,LGB,LAX,63,6.63968254,19.92857143,2.047245877,6.461743243,0.00214217,0.016146788999999998,0.031092631000000003,0.016429866,0.0034784840000000004,9.98e-05,2.71e-05,4.66e-06,36.21428571,17.04564698,17.04564698,33.81769943,-118.15200039999999,33.94250107,-118.40799709999999,Intra-CA,A306,407.08982430000003,1,2.0454545454545454,252.0,189.0,0.00022449855701010103,0.002480388889008333,0.1298,3.7754140539999996
LAXLVK,LAXLVK,LAX,LVK,18,43.65555556,21.05555556,0.7338855409999999,2.313190811,0.00021565400000000002,0.0035975559999999996,0.009790617,0.001375254,0.000312698,0.00011565700000000001,7.21e-07,1.1900000000000001e-07,9.666666667000001,321.7891708,321.7891708,33.94250107,-118.40799709999999,37.69340134,-121.8199997,Intra-CA,BD700,41.6374346,1,2.213636363636364,36.0,18.0,0.0006921837823464646,0.0044121481486,0.3211,8.998573784
LVKLAX,LAXLVK,LVK,LAX,18,46.43333333,22.83333333,0.789428748,2.4881752280000002,0.000200483,0.004633918,0.010301865,0.001452023,0.00042298300000000004,0.000149011,1.57e-06,2.77e-07,10.33333333,321.7891708,321.7891708,37.69340134,-121.8199997,33.94250107,-118.40799709999999,Intra-CA,BD700,44.7871541,1,2.213636363636364,36.0,18.0,0.0007362213804118688,0.00469288888855,0.0436,0.9828583332999999
LAXMMH,LAXMMH,LAX,MMH,305,42.04754098,23.20491803,0.27688222100000004,0.8726995879999999,2.42e-05,0.001244328,0.00315294,0.000331445,0.00010897700000000001,1.82e-05,2.7800000000000003e-07,8.329999999999999e-09,39.85155492,254.9712929,254.9712929,33.94250107,-118.40799709999999,37.62409973,-118.83799740000002,Intra-CA,CL700RJ,266.1733744,0,2.0318181818181817,1525.0,915.0,0.0006418770905217171,0.07209740740121759,0.3211,8.998573784
MMHLAX,LAXMMH,MMH,LAX,300,47.59333333,33.22333333,0.315804348,0.995389932,1.93e-05,0.001507789,0.003553653,0.00033275300000000003,0.00013899,2.05e-05,2.59e-07,1.03e-08,39.755,254.9712929,254.9712929,37.62409973,-118.83799740000002,33.94250107,-118.40799709999999,Intra-CA,CL700RJ,298.61697960000004,0,2.0318181818181817,1500.0,900.0,0.0007601351851290404,0.0804367592536111,0.1298,3.7754140539999996
LAXONT,LAXONT,LAX,ONT,89,19.07752809,22.5,1.136291366,3.583432935,0.001226848,0.007053368000000001,0.019765364,0.005904601999999999,0.001014695,8.04e-05,7.47e-06,1.1e-06,81.29705057,46.98212259,46.98212259,33.94250107,-118.40799709999999,34.05599976,-117.60099790000001,Intra-CA,A321,318.92553119999997,1,2.0454545454545454,801.0,534.0,0.00038012342526515155,0.009675055555611111,0.3211,8.998573784
ONTLAX,LAXONT,ONT,LAX,106,10.04339623,25.61320755,0.577326307,1.821530022,0.000641528,0.004165546,0.010106007,0.004068739,0.000810498,3.8900000000000004e-05,5.75e-06,1.18e-06,95.17555779999999,46.98212259,46.98212259,34.05599976,-117.60099790000001,33.94250107,-118.40799709999999,Intra-CA,A321,193.0821823,1,2.0454545454545454,1166.0,742.0,0.00029475843344696967,0.006233555557694445,0.1298,3.7754140539999996
PSPLAX,LAXPSP,PSP,LAX,874,19.36773455,30.51601831,0.308186923,0.972174193,0.000229213,0.002984099,0.0028434209999999996,0.0007399969999999999,0.00029171,2.0399999999999998e-05,3.49e-06,5.34e-07,35.29556309,109.5470993,109.5470993,33.82970047,-116.50700379999999,33.94250107,-118.40799709999999,Intra-CA,CL600RJ,849.6802449999999,0,1.9272727272727272,3496.0,2622.0,0.00041523847165151516,0.09706903701897596,0.1298,3.7754140539999996
LAXSBD,LAXSBD,LAX,SBD,70,15.61428571,19.58571429,0.45155340200000005,1.4246454780000002,0.000243787,0.002384223,0.007156142,0.003451901,0.0005636819999999999,3.48e-05,3.38e-06,4.0700000000000003e-07,105.74876699999999,68.14068353,68.14068353,33.94250107,-118.40799709999999,34.09540176,-117.2350006,Intra-CA,B752,99.72518345,1,2.0954545454545452,840.0,560.0,0.00032891522363914143,0.00624388888725,0.3211,8.998573784
LAXSCK,LAXSCK,LAX,SCK,552,45.86449275,22.50362319,0.248522955,0.783367735,0.00014463,0.001543375,0.001957852,0.000312606,9.059999999999999e-05,3.19e-05,2.17e-06,1.87e-07,24.40836146,315.2676248,315.2676248,33.94250107,-118.40799709999999,37.89419937,-121.237999,Intra-CA,CL600RJ,432.4189896000001,0,1.9272727272727272,1656.0,1104.0,0.0006544278289848485,0.1421539629519333,0.3211,8.998573784
SCKLAX,LAXSCK,SCK,LAX,552,47.81014493,29.04710145,0.263677123,0.8311667770000001,0.000166902,0.0018100229999999998,0.0020601260000000002,0.000300431,0.000128943,3.3299999999999996e-05,2.11e-06,3.45e-07,24.35133496,315.2676248,315.2676248,37.89419937,-121.237999,33.94250107,-118.40799709999999,Intra-CA,CL600RJ,458.8040609,0,1.9272727272727272,1656.0,1104.0,0.0007116127214474748,0.14845507408166667,0.0436,0.9828583332999999
LAXSGU,LAXSGU,LAX,SGU,262,57.15725191,21.71755725,0.232606316,0.733187534,0.000138513,0.001451305,0.0018257420000000002,0.000382741,0.000112027,3.1e-05,2.77e-06,2.41e-07,29.29202811,202.041915,348.84407905395085,33.94250107,-118.40799709999999,37.036389,-113.510306,Domestic Out-of-CA,CL600RJ,192.0951339,0,1.9272727272727272,1048.0,524.0,0.0007709731667888888,0.08388979629858334,0.3211,8.998573784
SGULAX,LAXSGU,SGU,LAX,262,53.9740458,31.32061069,0.19885753399999997,0.62664576,0.00010742299999999999,0.001110031,0.0015079720000000002,0.000398219,0.000144075,2.7000000000000002e-05,2.82e-06,3.75e-07,29.31609017,202.041915,348.84407905395085,37.036389,-113.510306,33.94250107,-118.40799709999999,Domestic Out-of-CA,CL600RJ,164.18118909999998,0,1.9272727272727272,1048.0,524.0,0.0007902406507828282,0.07948942592377593,0.49739999999999995,12.650796
SNALAX,LAXSNA,SNA,LAX,228,9.433333333,26.24561404,0.927130685,2.92632899,0.0037486190000000003,0.013484183,0.012924663000000001,0.006633485,0.0014211470000000002,5.3e-05,1.4599999999999999e-05,1.92e-06,37.91594129999999,36.10194007,36.10194007,33.67570114,-117.86799620000001,33.94250107,-118.40799709999999,Intra-CA,C680,667.2030097,1,2.090909090909091,1140.0,684.0,0.0002937214247974748,0.012648629629311112,0.1298,3.7754140539999996
LAXTRM,LAXTRM,LAX,TRM,48,19.05833333,21.54166667,0.998899945,3.151893617,0.0023575560000000002,0.0123271,0.012466492,0.0058152,0.0011774980000000001,9.17e-05,8.79e-06,1.1e-06,9.958333332999999,131.1867028,131.1867028,33.94250107,-118.40799709999999,33.62670135,-116.1600037,Intra-CA,C550,151.2908936,1,1.8318181818181818,96.0,48.0,0.00035196148988358587,0.0052086296287555565,0.3211,8.998573784
TRMLAX,LAXTRM,TRM,LAX,34,23.1,23.20588235,1.1081613890000002,3.4965883489999996,0.003566969,0.015842544,0.013703524,0.006107248000000001,0.001401619,9.8e-05,9.79e-06,1.42e-06,9.470588235,131.1867028,131.1867028,33.62670135,-116.1600037,33.94250107,-118.40799709999999,Intra-CA,C550,118.88400390000001,1,1.8318181818181818,34.0,34.0,0.0004023382352777778,0.0044581111111018515,0.2809,6.02298322
LAXUDD,LAXUDD,LAX,UDD,20,18.4,19.6,0.8551267029999999,2.695737785,0.000589824,0.009001004,0.011696395,0.002510182,0.0006937489999999999,4.88e-05,8.51e-07,5.5599999999999995e-08,8.4,123.39149509999999,123.39149509999999,33.94250107,-118.40799709999999,33.74840164,-116.27500149999999,Intra-CA,C680,53.9147557,1,2.090909090909091,20.0,20.0,0.0003609595959595959,0.002093518518518518,0.3211,8.998573784
LAXVNY,LAXVNY,LAX,VNY,434,4.970967742,20.83640553,3.330573041,10.51487332,0.002347424,0.034129197,0.035198982999999996,0.020500971,0.00450675,0.000130416,2.54e-05,2.73e-06,11.32244157,19.01440316,19.01440316,33.94250107,-118.40799709999999,34.20980072,-118.4899979,Intra-CA,G400,4563.4550229999995,1,2.1522727272727273,868.0,434.0,0.00021352935460699495,0.013100148148305556,0.3211,8.998573784
VNYLAX,LAXVNY,VNY,LAX,302,5.146357616,23.33443709,3.359433267,10.60577094,0.002721615,0.037427451,0.035183263,0.019343113000000002,0.005137105,0.00012066899999999999,2.14e-05,3.05e-06,11.05768344,19.01440316,19.01440316,34.20980072,-118.4899979,33.94250107,-118.40799709999999,Intra-CA,G400,3202.9428239999997,1,2.1522727272727273,604.0,302.0,0.0002295044568428283,0.009479888889175928,0.3211,8.998573784
LGBMRY,LGBMRY,LGB,MRY,16,39.475,14.125,0.6904261970000001,2.1759329480000003,0.00022751099999999998,0.005357206999999999,0.01075162,0.0012052410000000001,0.00033153,5.7999999999999994e-05,4.0799999999999995e-07,3.78e-08,8.3125,282.9115415,282.9115415,33.81769943,-118.15200039999999,36.587001799999996,-121.84300230000001,Intra-CA,C680,34.81492717,1,2.090909090909091,16.0,16.0,0.0005753535353535353,0.003540037037037037,0.1298,3.7754140539999996
MRYLGB,LGBMRY,MRY,LGB,13,42.63846154,18.11538462,0.730078528,2.3009322759999997,0.000306777,0.005427789000000001,0.010709538000000001,0.001070187,0.000289648,4.99e-05,1.1e-06,8.09e-08,8.076923077,282.9115415,282.9115415,36.587001799999996,-121.84300230000001,33.81769943,-118.15200039999999,Intra-CA,C680,29.91211959,1,2.090909090909091,13.0,13.0,0.0006342696193131313,0.0031095555556722226,0.0436,0.9828583332999999
ONTLGB,LGBONT,ONT,LGB,61,6.9196721310000004,15.59836066,1.2701968209999999,4.009537206,0.001795695,0.009053437,0.026146235,0.015621971,0.002413879,5.13e-05,1.4800000000000002e-05,1.03e-06,60.48360656,35.66120879,35.66120879,34.05599976,-117.60099790000001,33.81769943,-118.15200039999999,Intra-CA,B763,244.5817696,1,2.090909090909091,427.0,244.0,0.00020537092236010102,0.002472074074048148,0.1298,3.7754140539999996
LGBSAN,LGBSAN,LGB,SAN,42,18.76666667,16.28571429,0.26717720300000003,0.8425101359999999,0.000145198,0.001483985,0.004159372,0.001214775,0.00023501299999999998,2.01e-05,1.75e-06,2.05e-07,69.64880952,93.18133409999999,93.18133409999999,33.81769943,-118.15200039999999,32.73360062,-117.1900024,Intra-CA,C680,35.38542572,0,2.090909090909091,336.0,210.0,0.0003468061568686869,0.00446905555635,0.1298,3.7754140539999996
SANLGB,LGBSAN,SAN,LGB,34,13.33529412,18.32352941,0.171969912,0.542397971,7.41e-05,0.0010228610000000001,0.00255652,0.000837715,0.00018062299999999998,1.11e-05,1.35e-06,2.0899999999999998e-07,87.42647059,93.18133409999999,93.18133409999999,32.73360062,-117.1900024,33.81769943,-118.15200039999999,Intra-CA,C680,18.441531,0,2.090909090909091,340.0,204.0,0.00029503565064141414,0.0025982962967351854,0.2097,5.432096276
LGBSNA,LGBSNA,LGB,SNA,44,5.304545455,16.47727273,4.007264451,12.65559237,0.024798225,0.067588281,0.059209467,0.043283175,0.0071632630000000004,0.000206414,8.75e-05,8.92e-06,13.0,19.05656389,19.05656389,33.81769943,-118.15200039999999,33.67570114,-117.86799620000001,Intra-CA,BE400,556.8460641,1,2.0318181818181817,88.0,44.0,0.00018975080350972222,0.0013919074075296298,0.1298,3.7754140539999996
SNALGB,LGBSNA,SNA,LGB,32,2.725,16.5625,4.165274557,13.15710085,0.028117534,0.07834885700000001,0.06289999,0.049169501,0.007669392,0.00019219900000000002,0.00010098899999999999,1.06e-05,10.03125,19.05656389,19.05656389,33.67570114,-117.86799620000001,33.81769943,-118.15200039999999,Intra-CA,BE400,421.02722710000006,1,2.0318181818181817,64.0,32.0,0.00016110669191919192,0.000553962962962963,0.1298,3.7754140539999996
LGBVNY,LGBVNY,LGB,VNY,30,7.766666667000001,17.0,2.029989207,6.407175854,0.0031830129999999997,0.021508789,0.024692505,0.01312006,0.00301677,9.429999999999999e-05,1.53e-05,1.84e-06,10.46666667,33.26723972,33.26723972,33.81769943,-118.15200039999999,34.20980072,-118.4899979,Intra-CA,C680,192.2152756,1,2.090909090909091,60.0,30.0,0.00022299663300050503,0.0013608333333888893,0.1298,3.7754140539999996
VNYLGB,LGBVNY,VNY,LGB,43,9.844186047,16.63953488,2.215756201,6.991703043999999,0.0027939059999999996,0.023331307000000003,0.025580348,0.012167321000000002,0.002591863,0.00010528700000000001,1.12e-05,1.21e-06,10.37209302,33.26723972,33.26723972,34.20980072,-118.4899979,33.81769943,-118.15200039999999,Intra-CA,C680,300.6432309,1,2.090909090909091,86.0,43.0,0.0002451268498792929,0.002445388888990741,0.3211,8.998573784
OAKLVK,LVKOAK,OAK,LVK,20,9.7,17.3,3.547247174,11.19123027,0.00892199,0.048606064000000004,0.047696002,0.021092305,0.00500243,0.0001606,1.4800000000000002e-05,1.73e-06,8.2,22.05602196,22.05602196,37.721298,-122.221001,37.69340134,-121.8199997,Intra-CA,C680,223.8246054,1,2.090909090909091,20.0,20.0,0.00024712121212121214,0.0011225925925925923,0.0436,0.9828583332999999
LVKSFO,LVKSFO,LVK,SFO,16,7.725,20.5,2.120682265,6.690216841,0.002615755,0.023623341000000003,0.026355592999999997,0.009836628,0.00289628,6.49e-05,1.67e-06,1.36e-07,8.0,30.86040894,30.86040894,37.69340134,-121.8199997,37.61899948,-122.375,Intra-CA,C680,107.0434695,1,2.090909090909091,16.0,16.0,0.0002419570707070707,0.0007272592592592592,0.0436,0.9828583332999999
LVKSJC,LVKSJC,LVK,SJC,34,8.805882353,17.26470588,3.083800553,9.728047623,0.002093658,0.029809192,0.042460278,0.017602454,0.0043627679999999995,0.00017067900000000002,8.71e-06,1.23e-06,9.176470587999999,23.5861499,23.5861499,37.69340134,-121.8199997,37.362598,-121.929001,Intra-CA,C680,330.7536192,1,2.090909090909091,34.0,34.0,0.0002365389185853535,0.0017394074074111112,0.0436,0.9828583332999999
SJCLVK,LVKSJC,SJC,LVK,30,7.7,20.5,3.194940242,10.08147842,0.002182443,0.030446712,0.039826319,0.017702123,0.0043103429999999995,0.00019407799999999998,1.58e-05,2.04e-06,9.4,23.5861499,23.5861499,37.362598,-121.929001,37.69340134,-121.8199997,Intra-CA,C680,302.44435269999997,1,2.090909090909091,30.0,30.0,0.0002416666666666667,0.0013594444444444444,0.0436,0.9828583332999999
LVKSNA,LVKSNA,LVK,SNA,12,52.51666667,20.25,0.7688193590000001,2.423432208,0.00112907,0.00599343,0.00985499,0.001963266,0.000397551,0.00014652,2.39e-06,3.18e-07,10.58333333,355.07712250000003,355.07712250000003,37.69340134,-121.8199997,33.67570114,-117.86799620000001,Intra-CA,BD700,29.08118649,1,2.213636363636364,24.0,12.0,0.0007966822390982325,0.0035312777779999997,0.0436,0.9828583332999999
SNALVK,LVKSNA,SNA,LVK,14,53.81428571,16.35714286,0.763402742,2.406307468,0.00153738,0.006449636,0.010159351,0.002148151,0.000415124,0.00014848700000000002,3.55e-06,4.2600000000000003e-07,10.0,355.07712250000003,355.07712250000003,33.67570114,-117.86799620000001,37.69340134,-121.8199997,Intra-CA,BD700,33.68830455,1,2.213636363636364,28.0,14.0,0.0007910133477265152,0.004215703703374075,0.1298,3.7754140539999996
VNYLVK,LVKVNY,VNY,LVK,15,44.7,17.16666667,0.7299877859999999,2.3007477130000002,0.000259024,0.004468733,0.009275309,0.001129708,0.00028904,8.89e-05,2.18e-06,2.3800000000000001e-07,9.133333333,304.1455896,304.1455896,34.20980072,-118.4899979,37.69340134,-121.8199997,Intra-CA,C680,34.5112157,1,2.090909090909091,15.0,15.0,0.0006529461279646464,0.003758425925930556,0.3211,8.998573784
MFRSJC,MFRSJC,MFR,SJC,19,50.62631579,15.97368421,0.40586548899999997,1.278677577,8.44e-05,0.001870881,0.004790089,0.000812088,0.000198094,8.31e-05,6.83e-07,9.18e-08,18.15789474,322.6709787,349.3777106152302,42.37419891,-122.8730011,37.362598,-121.929001,Domestic Out-of-CA,G500,24.29487396,1,2.2818181818181817,38.0,38.0,0.000768854066989394,0.005384129629684259,0.6072000000000001,15.023213609999999
SJCMFR,MFRSJC,SJC,MFR,20,51.6,16.3,0.5680915870000001,1.79017952,0.00012122200000000001,0.0028299159999999996,0.007065554,0.00107126,0.00025358900000000003,0.000112259,6.94e-07,1.0099999999999999e-07,14.75,322.6709787,349.3777106152302,37.362598,-121.929001,42.37419891,-122.8730011,Domestic Out-of-CA,G500,35.8035904,1,2.2818181818181817,40.0,20.0,0.000783010101010101,0.005776296296296297,0.0436,0.9828583332999999
MHROAK,MHROAK,MHR,OAK,16,19.1,19.125,0.41574619399999996,1.310801068,0.000340995,0.002770552,0.006856637,0.001882234,0.000342507,3.07e-05,3.42e-06,3.5399999999999997e-07,69.05647841,76.32627401,76.32627401,38.55390167,-121.29799650000001,37.721298,-122.221001,Intra-CA,A306,20.97281709,1,2.0454545454545454,128.0,80.0,0.0003616287878787879,0.0017363333333333334,0.1953,4.3213968000000005
MHRSBD,MHRSBD,MHR,SBD,15,50.76666667,18.96666667,0.23284121800000002,0.7338473870000001,9.18e-05,0.000806867,0.0035721340000000002,0.000628978,0.00010457799999999999,2.6000000000000002e-05,6.41e-07,7.599999999999999e-08,111.42516770000002,381.86253139999997,381.86253139999997,38.55390167,-121.29799650000001,34.09540176,-117.2350006,Intra-CA,B752,11.0077108,0,2.0954545454545452,195.0,120.0,0.0007346994950068181,0.004266481481763888,0.1953,4.3213968000000005
SFOMHR,MHRSFO,SFO,MHR,16,14.225,29.125,1.209628283,3.815311595,0.001075972,0.012891568,0.014076525,0.004139374,0.001029911,0.00010271299999999999,8.92e-06,9.12e-07,8.875,87.20347222,87.20347222,37.61899948,-122.375,38.55390167,-121.29799650000001,Intra-CA,C680,61.04498552,1,2.090909090909091,16.0,16.0,0.0003653787878787879,0.0013178148148148146,0.024,0.7128
MMHSFO,MMHSFO,MMH,SFO,78,36.08717949,36.92307692,0.325785845,1.0269332979999999,2.65e-05,0.001770962,0.0036340020000000003,0.00042897599999999997,0.000162338,1.9e-05,3.7600000000000003e-07,2.44e-08,39.40705128,194.0141626,194.0141626,37.62409973,-118.83799740000002,37.61899948,-122.375,Intra-CA,CL700RJ,80.10079725,0,2.0318181818181817,390.0,234.0,0.0006508092463239899,0.015954277778977777,0.1298,3.7754140539999996
SFOMMH,MMHSFO,SFO,MMH,80,33.3,34.0875,0.307275759,0.9686287579999999,2.08e-05,0.001707184,0.00342934,0.000476425,0.000137976,1.8e-05,4.0700000000000003e-07,9.58e-09,38.95375,194.0141626,194.0141626,37.61899948,-122.375,37.62409973,-118.83799740000002,Intra-CA,CL700RJ,77.49030062,0,2.0318181818181817,400.0,240.0,0.000603594696969697,0.015103611111111108,0.024,0.7128
MRYOAK,MRYOAK,MRY,OAK,54,18.35925926,18.35185185,0.9387220390000001,2.959775505,0.0007214089999999999,0.008245203000000001,0.011777673,0.003146666,0.000809697,5.41e-05,1.83e-06,1.78e-07,13.66666667,80.95586378,80.95586378,36.587001799999996,-121.84300230000001,37.721298,-122.221001,Intra-CA,C680,159.8278773,1,2.090909090909091,108.0,54.0,0.00035355218855050505,0.0056340370372500006,0.0436,0.9828583332999999
OAKMRY,MRYOAK,OAK,MRY,66,18.31212121,15.22727273,0.8855665709999999,2.7926043139999996,0.0010694769999999999,0.007379581999999999,0.011293195,0.0035383890000000003,0.0007417719999999999,5.41e-05,4.71e-06,3.6200000000000004e-07,15.39393939,80.95586378,80.95586378,37.721298,-122.221001,36.587001799999996,-121.84300230000001,Intra-CA,C680,184.31188469999998,1,2.090909090909091,132.0,66.0,0.00033564585245454546,0.006849666665905556,0.0436,0.9828583332999999
MRYPSP,MRYPSP,MRY,PSP,18,45.76666667,17.88888889,0.550433782,1.735339346,0.0017991910000000001,0.005664398,0.007076815,0.001664717,0.00029200900000000003,6.879999999999999e-05,3.31e-06,3.55e-07,10.90744833,356.6715079,356.6715079,36.587001799999996,-121.84300230000001,33.82970047,-116.50700379999999,Intra-CA,C680,31.23610822,1,2.090909090909091,36.0,18.0,0.0006693490460606061,0.004617981481816667,0.0436,0.9828583332999999
MRYSJC,MRYSJC,MRY,SJC,146,8.675342466,16.60958904,1.327413679,4.188373878,0.000607259,0.01026441,0.016877205,0.007423685,0.0017465120000000002,9.120000000000001e-05,7.55e-06,9.54e-07,11.20547945,53.69482651,53.69482651,36.587001799999996,-121.84300230000001,37.362598,-121.929001,Intra-CA,C680,611.5025862000001,1,2.090909090909091,292.0,146.0,0.00023138300816060608,0.007354481481666665,0.0436,0.9828583332999999
SJCMRY,MRYSJC,SJC,MRY,178,12.25730337,16.84831461,1.267957452,3.999916795,0.0013278139999999999,0.011189495,0.015635264,0.006154700999999999,0.001320795,8.96e-05,9.46e-06,9.81e-07,12.61797753,53.69482651,53.69482651,37.362598,-121.929001,36.587001799999996,-121.84300230000001,Intra-CA,C680,711.9851894999999,1,2.090909090909091,356.0,178.0,0.0002743178980909091,0.012512518517794446,0.0436,0.9828583332999999
SMFMRY,MRYSMF,SMF,MRY,12,25.85,15.25,0.325968683,1.0277431479999999,0.000105396,0.001997757,0.0038952740000000002,0.000895869,0.000228016,3.289999999999999e-05,1.33e-06,1.26e-07,31.22027907,146.06256430000002,146.06256430000002,38.69540024,-121.5910034,36.587001799999996,-121.84300230000001,Intra-CA,BD700,12.33291778,0,2.213636363636364,48.0,36.0,0.0004409583333333334,0.0017479444444444448,0.1953,4.3213968000000005
MRYSNA,MRYSNA,MRY,SNA,70,47.48571429,18.7,0.829058686,2.614540515,0.004415289,0.011493953000000001,0.010803583,0.00390746,0.000596106,9.01e-05,8.36e-06,8.88e-07,8.8,301.53369360000005,301.53369360000005,36.587001799999996,-121.84300230000001,33.67570114,-117.86799620000001,Intra-CA,C680,183.01783600000002,1,2.090909090909091,70.0,70.0,0.0006938239538737373,0.01863259259425926,0.0436,0.9828583332999999
SNAMRY,MRYSNA,SNA,MRY,68,44.51176471,16.22058824,0.7681455840000001,2.422476587,0.003843167,0.010248165,0.010387813000000001,0.003802455,0.000560224,8.149999999999999e-05,7.74e-06,7.979999999999999e-07,8.691176471,301.53369360000005,301.53369360000005,33.67570114,-117.86799620000001,36.587001799999996,-121.84300230000001,Intra-CA,C680,164.7284079,1,2.090909090909091,68.0,68.0,0.0006455035651363637,0.016961129631214815,0.1298,3.7754140539999996
MRYVNY,MRYVNY,MRY,VNY,93,35.63763441,18.84408602,0.76905201,2.424955176,0.001544665,0.007307974,0.009372921999999999,0.002613357,0.000490585,9.17e-05,4.13e-06,4.65e-07,9.989247312,250.3284077,250.3284077,36.587001799999996,-121.84300230000001,34.20980072,-118.4899979,Intra-CA,C680,225.5208313,1,2.090909090909091,186.0,93.0,0.0005569952210353534,0.01863446296367222,0.0436,0.9828583332999999
VNYMRY,MRYVNY,VNY,MRY,95,36.11052632,16.34210526,0.759750595,2.395476705,0.001591538,0.00698372,0.009391624,0.0025115,0.000441708,8.420000000000001e-05,3.96e-06,4.1200000000000004e-07,9.778947367999999,250.3284077,250.3284077,34.20980072,-118.4899979,36.587001799999996,-121.84300230000001,Intra-CA,C680,227.57028689999999,1,2.090909090909091,190.0,95.0,0.0005485885167777777,0.01926277777997222,0.3211,8.998573784
OAKPSP,OAKPSP,OAK,PSP,88,61.89545455,19.27272727,0.17075512699999998,0.538118743,3.35e-05,0.0007875339999999999,0.0019199279999999998,0.00017218900000000003,5.3e-05,1.47e-05,4.0799999999999995e-07,2.88e-08,45.12997159,418.23174500000005,418.23174500000005,37.721298,-122.221001,33.82970047,-116.50700379999999,Intra-CA,E175,47.35444939,0,1.9545454545454546,440.0,264.0,0.0008175011478762627,0.030473259261459256,0.0436,0.9828583332999999
PSPOAK,OAKPSP,PSP,OAK,52,62.71538462,18.15384615,0.23577476600000002,0.743008608,8.09e-05,0.001151221,0.002810417,0.00023072599999999997,5.99e-05,1.85e-05,6.22e-07,6.42e-08,28.88953755,418.23174500000005,418.23174500000005,33.82970047,-116.50700379999999,37.721298,-122.221001,Intra-CA,E175,38.63644762,0,1.9545454545454546,208.0,104.0,0.0008201884227171718,0.01823840740872222,0.1298,3.7754140539999996
OAKSBA,OAKSBA,OAK,SBA,47,37.80212766,15.41489362,0.7108496129999999,2.240552129,0.00026662400000000003,0.003936065999999999,0.008362774,0.001177644,0.000287382,7.15e-05,2.14e-06,2.1100000000000002e-07,9.340425532000001,263.3680898,263.3680898,37.721298,-122.221001,34.42620087,-119.8399963,Intra-CA,C750,105.30595009999999,1,2.4,47.0,47.0,0.0006280000000222222,0.00996766666679074,0.0436,0.9828583332999999
SBAOAK,OAKSBA,SBA,OAK,74,39.88378378,18.95945946,0.6278417589999999,1.979057956,0.000470111,0.004239725,0.007464296,0.001203909,0.000268364,6.49e-05,1.97e-06,2.08e-07,11.45352044,263.3680898,263.3680898,34.42620087,-119.8399963,37.721298,-122.221001,Intra-CA,C750,146.4502887,1,2.4,148.0,74.0,0.0006754474474,0.016573851850300005,0.0436,0.9828583332999999
OAKSBD,OAKSBD,OAK,SBD,36,51.76666667,17.11111111,0.222765765,0.702081718,9e-05,0.000782661,0.003447375,0.000600985,0.000103675,2.5300000000000002e-05,6.05e-07,7.22e-08,110.379833,374.99731410000004,374.99731410000004,37.721298,-122.221001,34.09540176,-117.2350006,Intra-CA,B752,25.27494186,0,2.0954545454545452,468.0,288.0,0.0007360322671482322,0.010433370371033333,0.0436,0.9828583332999999
OAKSBP,OAKSBP,OAK,SBP,16,28.35,14.375,0.8719976340000001,2.7491468660000002,0.000196345,0.005021762,0.011454572,0.002437107,0.000564256,0.000153189,2.93e-06,3.96e-07,11.25,192.54948869999998,192.54948869999998,37.721298,-122.221001,35.23680115,-120.6419983,Intra-CA,BD700,43.98634986,1,2.213636363636364,32.0,16.0,0.0004668421717171717,0.002551518518518519,0.0436,0.9828583332999999
OAKSCK,OAKSCK,OAK,SCK,20,11.9,14.6,0.690201052,2.177229745,0.00020822,0.004876077,0.007772525,0.0029181690000000004,0.00075656,4.05e-05,3.29e-06,3.46e-07,25.56411389,55.0943072,55.0943072,37.721298,-122.221001,37.89419937,-121.237999,Intra-CA,G400,43.5445949,1,2.1522727272727273,60.0,40.0,0.00026173358585858587,0.001362037037037037,0.0436,0.9828583332999999
SCKOAK,OAKSCK,SCK,OAK,12,7.433333332999999,17.5,1.274245894,4.020972157,0.000750601,0.012013988,0.013601701,0.0064377819999999995,0.001592206,5.01e-05,2.62e-06,2.61e-07,10.16666667,55.0943072,55.0943072,37.89419937,-121.237999,37.721298,-122.221001,Intra-CA,G400,48.25166588,1,2.1522727272727273,24.0,12.0,0.00022443644780746207,0.0005226666666444444,0.0436,0.9828583332999999
OAKSFO,OAKSFO,OAK,SFO,154,5.853246753,20.31818182,4.2984017230000005,13.56708644,0.006179326999999999,0.037379411,0.069835559,0.035725861,0.007064561,0.00021815299999999998,6.3e-05,7.15e-06,22.76623377,11.00210917,11.00210917,37.721298,-122.221001,37.61899948,-122.375,Intra-CA,C750,2089.3313120000003,1,2.4,462.0,308.0,0.00022925541126222218,0.005395888888703704,0.0436,0.9828583332999999
SFOOAK,OAKSFO,SFO,OAK,196,19.39591837,26.05102041,9.663032023,30.47233124,0.00849263,0.065311106,0.145409836,0.040705814,0.0073460719999999995,0.00076127,8.08e-05,8.37e-06,23.69897959,11.00210917,11.00210917,37.61899948,-122.375,37.721298,-122.221001,Intra-CA,C750,5972.576922,1,2.4,588.0,392.0,0.00044167346943333336,0.021718000002922223,0.024,0.7128
OAKSJC,OAKSJC,OAK,SJC,446,12.81300448,16.67040359,1.6965157709999998,5.350966608,0.002390166,0.011982798000000001,0.030284517,0.011267485,0.001855855,0.000107862,1.5399999999999998e-05,1.84e-06,47.17825112,29.47996138,29.47996138,37.721298,-122.221001,37.362598,-121.929001,Intra-CA,C680,2386.5311070000002,1,2.090909090909091,2676.0,1784.0,0.00027978461743939393,0.03272114813758703,0.0436,0.9828583332999999
SJCOAK,OAKSJC,SJC,OAK,246,4.904878049,18.74390244,1.077748975,3.402078799,0.001128338,0.009680211999999999,0.016140848,0.008698314,0.001769076,6.69e-05,1.95e-05,1.35e-06,25.35569106,29.47996138,29.47996138,37.362598,-121.929001,37.721298,-122.221001,Intra-CA,C680,836.9113844999999,1,2.090909090909091,738.0,492.0,0.00019944198079141414,0.007287444444766666,0.0436,0.9828583332999999
OAKSMF,OAKSMF,OAK,SMF,80,13.35,16.0,0.413913916,1.305546803,0.000638235,0.00300912,0.007220693,0.0026966240000000003,0.00045623699999999996,3.11e-05,6.05e-06,4.69e-07,64.928125,75.42819368,75.42819368,37.721298,-122.221001,38.69540024,-121.5910034,Intra-CA,B737,104.4437442,1,2.059090909090909,640.0,400.0,0.0002799381313131313,0.006102962962962963,0.0436,0.9828583332999999
SMFOAK,OAKSMF,SMF,OAK,72,20.73888889,17.94444444,0.427716982,1.34882205,0.00044297900000000003,0.002719055,0.007204773,0.00214533,0.000399043,3.3100000000000005e-05,4.89e-06,4.19e-07,76.47453704,75.42819368,75.42819368,38.69540024,-121.5910034,37.721298,-122.221001,Intra-CA,B737,97.11518762,1,2.059090909090909,648.0,432.0,0.00037526501121136366,0.0084611851856,0.1953,4.3213968000000005
OAKSTS,OAKSTS,OAK,STS,30,10.76666667,16.96666667,1.0397690929999999,3.280692347,0.00318891,0.012312753000000001,0.013800244,0.006597843000000001,0.001246745,5.25e-05,1.1400000000000001e-05,1.4e-06,12.93333333,63.18392246,63.18392246,37.721298,-122.221001,38.50899887,-122.8130035,Intra-CA,C680,98.42077040000001,1,2.090909090909091,60.0,30.0,0.0002576599327171717,0.0018607407413055554,0.0436,0.9828583332999999
STSOAK,OAKSTS,STS,OAK,18,14.1,22.5,1.771004557,5.58779497,0.005266870999999999,0.024154035,0.018757088999999998,0.009066329,0.0017541420000000002,0.00010664700000000001,1.1400000000000001e-05,1.19e-06,10.88888889,63.18392246,63.18392246,38.50899887,-122.8130035,37.721298,-122.221001,Intra-CA,C680,100.5803095,1,2.090909090909091,36.0,18.0,0.00032712121212121213,0.001459,0.0436,0.9828583332999999
OAKTRM,OAKTRM,OAK,TRM,38,54.41578947,14.97368421,0.504988788,1.5918403840000002,0.000538941,0.003944067,0.005889706999999999,0.00127135,0.00028006,5.920000000000001e-05,2.21e-06,2.68e-07,10.15789474,442.4713817,442.4713817,37.721298,-122.221001,33.62670135,-116.1600037,Intra-CA,C550,60.48993458,1,1.8318181818181818,76.0,38.0,0.0006752973152174242,0.01156474073996111,0.0436,0.9828583332999999
TRMOAK,OAKTRM,TRM,OAK,38,64.41578947,18.97368421,0.575884768,1.81542188,0.000836955,0.004934801,0.0068990430000000005,0.001627366,0.000335491,7.82e-05,1.9e-06,2.59e-07,10.57894737,442.4713817,442.4713817,33.62670135,-116.1600037,37.721298,-122.221001,Intra-CA,C550,68.98603143,1,1.8318181818181818,76.0,38.0,0.0007992872142073232,0.013689925925146297,0.2809,6.02298322
OAKVNY,OAKVNY,OAK,VNY,430,43.4627907,16.63953488,0.659253916,2.078194083,0.000522078,0.005026073,0.00728339,0.00146653,0.000297525,7.15e-05,1.72e-06,1.8899999999999999e-07,10.562790699999999,319.8527544,319.8527544,37.721298,-122.221001,34.20980072,-118.4899979,Intra-CA,G400,893.6234557,1,2.1522727272727273,860.0,430.0,0.0006504628553042929,0.1047650000054074,0.0436,0.9828583332999999
VNYOAK,OAKVNY,VNY,OAK,442,46.00045249,18.9479638,0.7039945190000001,2.21928622,0.001018728,0.005925281,0.007988769,0.001685743,0.000327935,7.829999999999999e-05,2.43e-06,2.8e-07,10.28054299,319.8527544,319.8527544,34.20980072,-118.4899979,37.721298,-122.221001,Intra-CA,G400,980.9245093000001,1,2.1522727272727273,884.0,442.0,0.0006936304618690657,0.11401451852170369,0.3211,8.998573784
ONTPSP,ONTPSP,ONT,PSP,20,20.95,19.5,0.343826433,1.084158304,0.00020321,0.00204059,0.004986181,0.001221463,0.000258478,2.26e-05,3.81e-06,4.7299999999999996e-07,86.69,64.74933488,64.74933488,34.05599976,-117.60099790000001,33.82970047,-116.50700379999999,Intra-CA,CL700RJ,21.68316608,0,2.0318181818181817,200.0,120.0,0.00038314772727272725,0.0023766666666666667,0.1298,3.7754140539999996
ONTRNO,ONTRNO,ONT,RNO,15,56.1,15.83333333,0.19476205600000002,0.6137537710000001,0.00024508,0.000907169,0.0032463509999999998,0.000595772,9.590000000000001e-05,2.26e-05,1.29e-06,3.13e-07,99.2,325.2396416,394.0744539272252,34.05599976,-117.60099790000001,39.49909973,-119.7679977,Domestic Out-of-CA,A306,9.206306571,0,2.0454545454545454,165.0,105.0,0.0007637962962777779,0.004706574074069445,0.1298,3.7754140539999996
ONTSAN,ONTSAN,ONT,SAN,116,19.08275862,15.84482759,0.29014170300000003,0.914981928,0.000207048,0.001595216,0.005083037,0.001642043,0.000273795,2.34e-05,3.5e-06,1.82e-07,94.97626822,94.18194629999999,94.18194629999999,34.05599976,-117.60099790000001,32.73360062,-117.1900024,Intra-CA,B737,106.1379037,0,2.059090909090909,1276.0,812.0,0.0003446553465823232,0.01254207407367037,0.1298,3.7754140539999996
SANONT,ONTSAN,SAN,ONT,40,17.975,25.4,0.351185234,1.107782023,0.000387364,0.002403072,0.0060682390000000004,0.002322258,0.00040833300000000004,2.44e-05,2.9e-06,2.35e-07,107.5037969,94.18194629999999,94.18194629999999,32.73360062,-117.1900024,34.05599976,-117.60099790000001,Intra-CA,B737,44.3112809,0,2.059090909090909,480.0,320.0,0.00038506755050505057,0.004114074074074074,0.2097,5.432096276
ONTSBD,ONTSBD,ONT,SBD,91,2.3087912090000002,16.7967033,0.9184065020000001,2.900944141,0.000996119,0.0061561509999999995,0.01806124,0.013851742,0.002198543,2.7300000000000003e-05,1.3000000000000001e-05,1.32e-06,110.525985,21.16645539,21.16645539,34.05599976,-117.60099790000001,34.09540176,-117.2350006,Intra-CA,B752,263.9859168,1,2.0954545454545452,1183.0,728.0,0.00015852594629669193,0.0013668888890222223,0.1298,3.7754140539999996
ONTSNA,ONTSNA,ONT,SNA,36,3.6,18.22222222,0.630978193,1.992827417,0.0021112929999999998,0.0073168930000000005,0.010730125,0.007819143,0.001283399,2.95e-05,1.49e-05,1.61e-06,77.21306818,30.37563939,30.37563939,34.05599976,-117.60099790000001,33.67570114,-117.86799620000001,Intra-CA,BE400,71.74178701,1,2.0318181818181817,324.0,216.0,0.00018020426485858583,0.0008037407407333333,0.1298,3.7754140539999996
SNAONT,ONTSNA,SNA,ONT,13,11.25384615,17.88461538,2.034073106,6.423319395,0.017308703999999998,0.041968125,0.030584097999999997,0.021653316000000002,0.0030616590000000004,0.000148018,4.9e-05,4.94e-06,25.30944056,30.37563939,30.37563939,33.67570114,-117.86799620000001,34.05599976,-117.60099790000001,Intra-CA,BE400,83.50315213,1,2.0318181818181817,39.0,26.0,0.000264724358905303,0.0008426111108277776,0.1298,3.7754140539999996
ONTVNY,ONTVNY,ONT,VNY,12,10.68333333,14.83333333,1.7273796719999999,5.450642215,0.001673196,0.014720043,0.021201351,0.009807115,0.002183251,0.00013277799999999998,1.15e-05,1.5e-06,10.25,52.04453386,52.04453386,34.05599976,-117.60099790000001,34.20980072,-118.4899979,Intra-CA,BD700,65.40770658,1,2.213636363636364,24.0,12.0,0.0002521241581896465,0.0007363703701444444,0.1298,3.7754140539999996
VNYONT,ONTVNY,VNY,ONT,15,10.5,17.16666667,1.7422726469999998,5.497423916,0.001840139,0.015333023000000001,0.021534192999999997,0.00953153,0.0021036920000000003,0.000130015,1.3500000000000001e-05,1.61e-06,9.933333333,52.04453386,52.04453386,34.20980072,-118.4899979,34.05599976,-117.60099790000001,Intra-CA,BD700,82.46135874,1,2.213636363636364,30.0,15.0,0.0002628324916010101,0.0009084259259305557,0.3211,8.998573784
SFOOTH,OTHSFO,SFO,OTH,328,61.56646341,31.17682927,0.175997325,0.554718869,0.000127634,0.0012274710000000002,0.001353893,0.00023374,5.8200000000000005e-05,2.44e-05,2.08e-06,1.68e-07,34.45825963,307.6364132,411.9895057745541,37.61899948,-122.375,43.417099,-124.2460022,Domestic Out-of-CA,CL600RJ,181.9477892,0,1.9272727272727272,1312.0,984.0,0.0008707344173040405,0.1133441851767926,0.024,0.7128
PGAVNY,PGAVNY,PGA,VNY,16,63.0375,17.3125,0.602644896,1.899067487,0.000248344,0.004256964,0.005400008,0.002001755,0.000424027,6.21e-05,3.61e-06,3.7299999999999997e-07,10.875,203.0401699,438.49050644742556,36.92610168,-111.447998,34.20980072,-118.4899979,Domestic Out-of-CA,G400,30.38507979,1,2.1522727272727273,32.0,16.0,0.0008882577335858586,0.0056392037037037036,0.44380000000000003,11.174360559999998
VNYPGA,PGAVNY,VNY,PGA,17,51.68823529,19.67647059,0.588969097,1.8569962169999998,0.000394926,0.004648199,0.006107164,0.002044425,0.000449028,6.52e-05,3.42e-06,3.4899999999999996e-07,10.64705882,203.0401699,438.49050644742556,34.20980072,-118.4899979,36.92610168,-111.447998,Domestic Out-of-CA,G400,31.5689357,1,2.1522727272727273,34.0,17.0,0.0007656869429195708,0.004923499999613889,0.3211,8.998573784
PHXVNY,PHXVNY,PHX,VNY,45,57.36666667,18.1,0.523992253,1.651008309,0.000161113,0.0032243429999999997,0.0061050390000000005,0.001351293,0.00031416,6.0299999999999995e-05,2.05e-06,1.92e-07,12.21481482,231.1187858,376.39091394950736,33.43429947,-112.012001,34.20980072,-118.4899979,Domestic Out-of-CA,C680,74.29537389,1,2.090909090909091,90.0,45.0,0.0008052693603080807,0.014445833334166666,0.3645,9.343433683999999
VNYPHX,PHXVNY,VNY,PHX,29,56.92758621,19.94827586,0.530003391,1.670397411,0.00019790700000000001,0.0035088359999999996,0.006967521999999999,0.0011687639999999999,0.00029431,5.539999999999999e-05,2.18e-06,2.03e-07,12.781609199999998,231.1187858,376.39091394950736,34.20980072,-118.4899979,33.43429947,-112.012001,Domestic Out-of-CA,C680,48.44152492,1,2.090909090909091,58.0,29.0,0.0008104371299444444,0.009243759259753702,0.3211,8.998573784
PSPSAN,PSPSAN,PSP,SAN,30,16.76666667,15.36666667,0.34740201,1.0953504459999999,0.00021542900000000003,0.00220999,0.005154688,0.001276903,0.000269867,2.2800000000000002e-05,2.92e-06,4.42e-07,36.53333333,85.25835725,85.25835725,33.82970047,-116.50700379999999,32.73360062,-117.1900024,Intra-CA,C680,32.86051338,0,2.090909090909091,150.0,90.0,0.0003184680135252525,0.002856296296861111,0.1298,3.7754140539999996
SANPSP,PSPSAN,SAN,PSP,34,17.33529412,19.08823529,0.278398498,0.877867125,0.000195672,0.001992817,0.003990209000000001,0.0010894189999999999,0.000245699,1.7800000000000002e-05,2.47e-06,1.15e-07,49.83823529,85.25835725,85.25835725,32.73360062,-117.1900024,33.82970047,-116.50700379999999,Intra-CA,C680,29.84748225,0,2.090909090909091,204.0,136.0,0.0003457486631060606,0.0033562592596907406,0.2097,5.432096276
PSPSBA,PSPSBA,PSP,SBA,12,31.93333333,16.75,0.84360623,2.65909754,0.000344497,0.00540954,0.010277981,0.00166483,0.00038993,7.06e-05,1.81e-06,1.9e-07,9.166666667000001,195.4076471,195.4076471,33.82970047,-116.50700379999999,34.42620087,-119.8399963,Intra-CA,C680,31.90917048,1,2.090909090909091,12.0,12.0,0.0005023316497929293,0.002155166666444445,0.1298,3.7754140539999996
SBAPSP,PSPSBA,SBA,PSP,20,30.5,19.2,0.522350274,1.646685594,0.000246711,0.003826413,0.006230275,0.001119641,0.000294799,5.5799999999999994e-05,2.36e-06,2.77e-07,14.700110500000001,195.4076471,195.4076471,34.42620087,-119.8399963,33.82970047,-116.50700379999999,Intra-CA,C680,32.93371189,1,2.090909090909091,40.0,20.0,0.0004992929292929293,0.003437222222222222,0.0436,0.9828583332999999
PSPSJC,PSPSJC,PSP,SJC,182,58.83626374,17.60989011,0.247434166,0.779720559,5.3299999999999995e-05,0.0012504,0.002996145,0.000238597,6.57e-05,2.4299999999999998e-05,6.94e-07,7.17e-08,31.417495199999998,390.4349691,390.4349691,33.82970047,-116.50700379999999,37.362598,-121.929001,Intra-CA,E175,141.9091417,0,1.9545454545454546,728.0,546.0,0.0007750446775858585,0.05990303704081667,0.1298,3.7754140539999996
SJCPSP,PSPSJC,SJC,PSP,178,53.88651685,17.63483146,0.23036873800000002,0.725993963,3.86e-05,0.001102511,0.002761345,0.000261247,8e-05,2.11e-05,3.98e-07,3.02e-08,31.64352595,390.4349691,390.4349691,37.362598,-121.929001,33.82970047,-116.50700379999999,Intra-CA,E175,129.2269255,0,1.9545454545454546,712.0,534.0,0.0007214359890580809,0.05369214814424815,0.0436,0.9828583332999999
PSPSNA,PSPSNA,PSP,SNA,40,14.875,19.425,1.381329706,4.359206383,0.008309726,0.024185562999999997,0.018508718,0.009913999,0.001608128,9.49e-05,2.3800000000000003e-05,2.51e-06,9.5,79.06880587,79.06880587,33.82970047,-116.50700379999999,33.67570114,-117.86799620000001,Intra-CA,C680,174.36825530000002,1,2.090909090909091,80.0,40.0,0.00031904040404040403,0.0034030555555555554,0.1298,3.7754140539999996
SNAPSP,PSPSNA,SNA,PSP,36,15.07222222,19.47222222,1.504077519,4.746547261,0.010763088,0.02967993,0.02074533,0.011031087,0.001777379,0.000110299,2.3899999999999998e-05,2.54e-06,9.444444444,79.06880587,79.06880587,33.67570114,-117.86799620000001,33.82970047,-116.50700379999999,Intra-CA,C680,170.8757014,1,2.090909090909091,36.0,36.0,0.0003215937148888888,0.0031023518513999997,0.1298,3.7754140539999996
PSPTRM,PSPTRM,PSP,TRM,21,0.90952381,19.78571429,2.446680163,7.730301772000001,0.009034526,0.035618982,0.032592473999999996,0.025814322999999997,0.005324548,3.87e-05,2.8899999999999998e-05,3.7e-06,9.714285713999999,24.39381654,24.39381654,33.82970047,-116.50700379999999,33.62670135,-116.1600037,Intra-CA,C680,162.3363372,1,2.090909090909091,42.0,21.0,0.00015881914384848484,0.00015800000006388888,0.1298,3.7754140539999996
PSPVNY,PSPVNY,PSP,VNY,48,22.95416667,20.02083333,0.9454134470000001,2.981290871,0.0012673,0.009260566999999999,0.011429061,0.003460659,0.0007129419999999999,6.86e-05,5.09e-06,5.05e-07,11.47222222,116.78217509999999,116.78217509999999,33.82970047,-116.50700379999999,34.20980072,-118.4899979,Intra-CA,C680,143.1019618,1,2.090909090909091,96.0,48.0,0.000416199494969697,0.0062407592601333335,0.1298,3.7754140539999996
VNYPSP,PSPVNY,VNY,PSP,48,22.0375,17.79166667,0.910615017,2.8716353139999997,0.001236816,0.00865364,0.010900699,0.003383266,0.000704158,6.56e-05,5.31e-06,5.32e-07,11.49305556,116.78217509999999,116.78217509999999,34.20980072,-118.4899979,33.82970047,-116.50700379999999,Intra-CA,C680,137.8384951,1,2.090909090909091,96.0,48.0,0.00039316708756060605,0.005986407407422223,0.3211,8.998573784
SMFRNO,RNOSMF,SMF,RNO,29,19.65172414,17.94827586,0.261985946,0.826115026,0.000315777,0.00196965,0.003974813,0.001385896,0.000284564,1.89e-05,3.53e-06,2.89e-07,55.62245243,97.9212225,112.58581350248707,38.69540024,-121.5910034,39.49909973,-119.7679977,Domestic Out-of-CA,E175,23.95733576,0,1.9545454545454546,203.0,116.0,0.0003514359108434343,0.0032328333336611105,0.1953,4.3213968000000005
RNOSNA,RNOSNA,RNO,SNA,18,62.87777778,16.5,0.562126962,1.771406711,0.00235957,0.006363533,0.006560919,0.0034008909999999996,0.000523609,7.58e-05,7.22e-06,7.729999999999999e-07,8.555555556,351.7879133,415.1807299272535,39.49909973,-119.7679977,33.67570114,-117.86799620000001,Domestic Out-of-CA,C680,31.8853208,1,2.090909090909091,18.0,18.0,0.0008603984287575758,0.006326777778,0.547,11.4239039
SNARNO,RNOSNA,SNA,RNO,18,61.76666667,17.44444444,0.41868243200000005,1.319776696,0.0013557970000000002,0.004036437,0.005597409,0.001730045,0.000278088,4.96e-05,3.86e-06,5.61e-07,16.02777778,351.7879133,415.1807299272535,33.67570114,-117.86799620000001,39.49909973,-119.7679977,Domestic Out-of-CA,C680,23.75598052,1,2.090909090909091,36.0,36.0,0.0008527384960858585,0.006217240741066667,0.1298,3.7754140539999996
RNOVNY,RNOVNY,RNO,VNY,27,50.35925926,18.42592593,0.5865785729999999,1.8481188419999999,0.000350871,0.0034020070000000003,0.007715491,0.001295324,0.000304845,7.55e-05,1.95e-06,2.1100000000000002e-07,8.814814815,313.8590416,371.5319820819716,39.49909973,-119.7679977,34.20980072,-118.4899979,Domestic Out-of-CA,C680,49.89920873,1,2.090909090909091,27.0,27.0,0.0007256808829343435,0.007617203703825001,0.547,11.4239039
VNYRNO,RNOVNY,VNY,RNO,28,50.56428571,18.82142857,0.634796841,2.000814584,0.001148626,0.005263973000000001,0.008234287,0.001696311,0.00033157300000000005,7.2e-05,3.03e-06,3.19e-07,8.964285713999999,313.8590416,371.5319820819716,34.20980072,-118.4899979,39.49909973,-119.7679977,Domestic Out-of-CA,C680,56.02280836,1,2.090909090909091,28.0,28.0,0.0007302597402020201,0.007932240740070371,0.3211,8.998573784
SACSFO,SACSFO,SAC,SFO,12,21.93333333,19.66666667,1.579692776,4.980129379,0.0007881019999999999,0.011824435,0.018565182,0.004241887,0.001182229,9.67e-05,1.27e-06,1.54e-07,9.5,78.17008613,78.17008613,38.51250076,-121.49299620000001,37.61899948,-122.375,Intra-CA,C750,59.76155255,1,2.4,24.0,12.0,0.0004400370370111111,0.0014917407405222222,0.1953,4.3213968000000005
SFOSAC,SACSFO,SFO,SAC,16,11.225,27.875,0.72085072,2.274120786,0.00054727,0.006795869,0.007780918,0.002724641,0.000601215,3.32e-05,2.77e-06,2.96e-07,15.20402807,78.17008613,78.17008613,37.61899948,-122.375,38.51250076,-121.49299620000001,Intra-CA,C750,36.38593258,1,2.4,32.0,16.0,0.0003428611111111111,0.0010492962962962962,0.024,0.7128
SJCSAC,SACSJC,SJC,SAC,12,15.76666667,19.16666667,0.376449343,1.186964863,0.000338715,0.003019875,0.004449028,0.001076724,0.000277671,1.99e-05,1.68e-06,1.7e-07,25.01021414,82.80639272,82.80639272,37.362598,-121.929001,38.51250076,-121.49299620000001,Intra-CA,C750,14.24357836,0,2.4,36.0,24.0,0.0003550370371,0.0010800740742999998,0.0436,0.9828583332999999
VNYSAC,SACVNY,VNY,SAC,13,43.33076923,18.42307692,0.6032024770000001,1.90152025,0.000933127,0.004561728,0.007006338000000001,0.001366442,0.000257585,5.7999999999999994e-05,2.19e-06,2.25e-07,9.461538462,340.62689680000005,340.62689680000005,34.20980072,-118.4899979,38.51250076,-121.49299620000001,Intra-CA,C680,24.71976324,1,2.090909090909091,13.0,13.0,0.0006440209789949495,0.003159925925866667,0.3211,8.998573784
SANSBA,SANSBA,SAN,SBA,41,28.83170732,19.86585366,0.622868593,1.964230972,0.001948435,0.007200518,0.007812817,0.0024809289999999998,0.00043539800000000003,4.45e-05,4.52e-06,4.69e-07,13.06441802,192.2795154,192.2795154,32.73360062,-117.1900024,34.42620087,-119.8399963,Intra-CA,C680,80.53346984,1,2.090909090909091,82.0,41.0,0.00048361295889898985,0.006668833334005555,0.2097,5.432096276
SBASAN,SANSBA,SBA,SAN,44,29.50909091,16.72727273,0.621873958,1.9608381990000001,0.001466939,0.006304441,0.008300941,0.002286846,0.00043088199999999994,4.98e-05,3.55e-06,3.7600000000000003e-07,12.628207699999999,192.2795154,192.2795154,34.42620087,-119.8399963,32.73360062,-117.1900024,Intra-CA,C680,86.27688078,1,2.090909090909091,88.0,44.0,0.0004740449954343435,0.007309592592825926,0.0436,0.9828583332999999
SANSBD,SANSBD,SAN,SBD,38,19.31052632,21.13157895,0.487762574,1.538540126,0.000760418,0.00355285,0.009628711,0.00358655,0.000547754,2.72e-05,3.13e-06,1.75e-07,113.02630740000001,93.88792414,93.88792414,32.73360062,-117.1900024,34.09540176,-117.2350006,Intra-CA,B763,58.46452477,1,2.090909090909091,494.0,304.0,0.00038004518879292934,0.004175296297194445,0.2097,5.432096276
SANSNA,SANSNA,SAN,SNA,154,16.54155844,21.31818182,1.309235854,4.130850421,0.006860349,0.020872985,0.017763602,0.008359755,0.001386251,8.62e-05,1.83e-05,1.79e-06,11.62987013,75.88174786,75.88174786,32.73360062,-117.1900024,33.67570114,-117.86799620000001,Intra-CA,C680,636.1509649000001,1,2.090909090909091,308.0,154.0,0.000348917093,0.014554592591285186,0.2097,5.432096276
SNASAN,SANSNA,SNA,SAN,100,16.02,18.66,1.588322217,5.012036182,0.007882331,0.023305534,0.021932382,0.011290608,0.0018079860000000001,0.000111623,2.44e-05,2.37e-06,10.58,75.88174786,75.88174786,33.67570114,-117.86799620000001,32.73360062,-117.1900024,Intra-CA,C680,501.2036182,1,2.090909090909091,200.0,100.0,0.00032809090909090906,0.009136666666666664,0.1298,3.7754140539999996
SANTRM,SANTRM,SAN,TRM,28,11.81428571,21.35714286,1.327155214,4.190229177,0.0052849590000000005,0.020285615,0.017808877,0.011422905,0.002185106,6.73e-05,1.32e-05,1.74e-06,9.214285713999999,85.73661893,85.73661893,32.73360062,-117.1900024,33.62670135,-116.1600037,Intra-CA,C680,117.3264169,1,2.090909090909091,28.0,28.0,0.00029422077918686866,0.0019110370363777777,0.2097,5.432096276
TRMSAN,SANTRM,TRM,SAN,28,15.74285714,19.85714286,1.197005301,3.7754469339999996,0.002535893,0.015357051000000002,0.016496758,0.006102697,0.0013194110000000002,6.929999999999999e-05,7.33e-06,7.729999999999999e-07,8.357142857000001,85.73661893,85.73661893,33.62670135,-116.1600037,32.73360062,-117.1900024,Intra-CA,C680,105.7125142,1,2.090909090909091,28.0,28.0,0.0003315223665050505,0.002518259258822222,0.2809,6.02298322
SANVNY,SANVNY,SAN,VNY,220,24.47272727,19.63636364,1.077276219,3.396776037,0.000880064,0.008811675,0.011863385,0.0030459470000000002,0.0006687389999999999,8.7e-05,5.12e-06,5.41e-07,9.918181817999999,126.44138970000002,126.44138970000002,32.73360062,-117.1900024,34.20980072,-118.4899979,Intra-CA,G400,747.2907280000001,1,2.1522727272727273,440.0,220.0,0.0004400463728066919,0.030451666663407404,0.2097,5.432096276
VNYSAN,SANVNY,VNY,SAN,210,23.0047619,17.01428571,1.002375767,3.160654379,0.001079822,0.008691373,0.011354699,0.003100325,0.00062151,7.190000000000001e-05,4.92e-06,4.53e-07,9.647619048,126.44138970000002,126.44138970000002,34.20980072,-118.4899979,32.73360062,-117.1900024,Intra-CA,G400,663.7374196000001,1,2.1522727272727273,420.0,210.0,0.0004079267074709596,0.027303888883249996,0.3211,8.998573784
SBASJC,SBASJC,SBA,SJC,132,33.05454545,17.13636364,0.5332002889999999,1.680934735,0.000636643,0.00392927,0.007131986,0.001412155,0.000301055,5.22e-05,1.93e-06,2.52e-07,14.03030303,233.907068,233.907068,34.42620087,-119.8399963,37.362598,-121.929001,Intra-CA,C680,221.88338509999997,1,2.090909090909091,264.0,132.0,0.0005175022956515151,0.02453377777448889,0.0436,0.9828583332999999
SJCSBA,SBASJC,SJC,SBA,88,34.17954545,16.85227273,0.626271823,1.974219954,0.0005038880000000001,0.004682348,0.008560716999999999,0.001394654,0.000338144,5.19e-05,1.28e-06,1.33e-07,11.57954545,233.907068,233.907068,37.362598,-121.929001,34.42620087,-119.8399963,Intra-CA,C680,173.7313559,1,2.090909090909091,176.0,88.0,0.0005289921946363636,0.016903537034837036,0.0436,0.9828583332999999
SBASNA,SBASNA,SBA,SNA,40,24.75,19.25,1.373729625,4.334604365,0.009066824,0.02373039,0.018532511,0.009505897,0.001455603,0.000122038,2.09e-05,2.26e-06,8.725,124.396948,124.396948,34.42620087,-119.8399963,33.67570114,-117.86799620000001,Intra-CA,BE400,173.3841746,1,2.0318181818181817,40.0,40.0,0.00042465277777777776,0.005596851851851852,0.0436,0.9828583332999999
SNASBA,SBASNA,SNA,SBA,48,23.35,18.45833333,1.119786676,3.5330580030000003,0.007043153000000001,0.018559546,0.014868707,0.0073022009999999995,0.001091868,9.6e-05,1.5399999999999998e-05,1.61e-06,10.54936605,124.396948,124.396948,33.67570114,-117.86799620000001,34.42620087,-119.8399963,Intra-CA,BE400,169.58678419999998,1,2.0318181818181817,96.0,48.0,0.0004044515993080808,0.006339370370355556,0.1298,3.7754140539999996
SBAVNY,SBAVNY,SBA,VNY,77,15.203896100000001,17.85064935,1.273132862,4.015515242,0.000578398,0.011152045,0.013478983,0.004672738,0.001046305,7.759999999999999e-05,3.99e-06,4.1e-07,10.5974026,78.63402139,78.63402139,34.42620087,-119.8399963,34.20980072,-118.4899979,Intra-CA,G400,309.1946736,1,2.1522727272727273,154.0,77.0,0.0003192976681906566,0.0066803518501805555,0.0436,0.9828583332999999
VNYSBA,SBAVNY,VNY,SBA,73,13.48356164,17.76027397,1.184138951,3.735436574,0.000580964,0.010626084,0.012087532,0.004602157,0.0009883960000000001,7.140000000000001e-05,6.58e-06,6.4e-07,10.56164384,78.63402139,78.63402139,34.20980072,-118.4899979,34.42620087,-119.8399963,Intra-CA,G400,272.6868699,1,2.1522727272727273,146.0,73.0,0.0002982254219681818,0.0056350185169453705,0.3211,8.998573784
SBPSJC,SBPSJC,SBP,SJC,34,26.15882353,17.14705882,0.868434292,2.737542351,0.00038720599999999997,0.0062845290000000005,0.012002489,0.002207306,0.000556211,8.28e-05,1.72e-06,1.9e-07,8.941176471,163.2238371,163.2238371,35.23680115,-120.6419983,37.362598,-121.929001,Intra-CA,C680,93.07643995,1,2.090909090909091,34.0,34.0,0.0004374598930353536,0.005016814814914815,0.0436,0.9828583332999999
SJCSBP,SBPSJC,SJC,SBP,32,27.725,16.0,0.707226674,2.229141969,0.000327639,0.004747441,0.009550459,0.001476371,0.00039849,5.2900000000000005e-05,1.75e-06,1.85e-07,10.8125,163.2238371,163.2238371,37.362598,-121.929001,35.23680115,-120.6419983,Intra-CA,C680,71.332543,1,2.090909090909091,64.0,32.0,0.00044928030303030303,0.004996740740740742,0.0436,0.9828583332999999
SBPVNY,SBPVNY,SBP,VNY,12,23.6,17.91666667,0.961229605,3.0308111189999996,0.000477573,0.0073831059999999995,0.011290028,0.002620285,0.000650035,8.97e-05,5.46e-06,6.070000000000001e-07,9.416666667000001,141.4613796,141.4613796,35.23680115,-120.6419983,34.20980072,-118.4899979,Intra-CA,C680,36.36973343,1,2.090909090909091,12.0,12.0,0.000412011784530303,0.0016009074074111113,0.0436,0.9828583332999999
SCKSFO,SCKSFO,SCK,SFO,12,10.6,18.5,1.155793091,3.645876195,0.000909223,0.009455995,0.013378953,0.004529973,0.001328752,6.159999999999999e-05,6.17e-06,7.11e-07,9.0,65.08642577,65.08642577,37.89419937,-121.237999,37.61899948,-122.375,Intra-CA,C680,43.75051434,1,2.090909090909091,12.0,12.0,0.0002642424242424242,0.000734888888888889,0.0436,0.9828583332999999
SFOSCK,SCKSFO,SFO,SCK,12,9.6,27.5,1.28356427,4.050058022,0.001026803,0.014990666000000001,0.013815362,0.005809393,0.0014172529999999998,6.45e-05,8.69e-06,8.440000000000001e-07,9.666666667000001,65.08642577,65.08642577,37.61899948,-122.375,37.89419937,-121.237999,Intra-CA,C680,48.60069627,1,2.090909090909091,24.0,12.0,0.00030262626262626266,0.0006782222222222223,0.024,0.7128
SCKSJC,SCKSJC,SCK,SJC,18,11.54444444,14.94444444,1.4184468590000001,4.472432764,0.001210129,0.013112718,0.019343857,0.005496899,0.001492435,6.28e-05,9.679999999999999e-07,4.6200000000000003e-08,8.0,52.73186727,52.73186727,37.89419937,-121.237999,37.362598,-121.929001,Intra-CA,C680,80.50378975,1,2.090909090909091,18.0,18.0,0.00025546015705050503,0.0011908518514,0.0436,0.9828583332999999
SJCSCK,SCKSJC,SJC,SCK,16,10.975,19.75,0.706475709,2.2276661680000003,0.000594224,0.007933707,0.009539248,0.002736185,0.000871336,3.35e-05,9.070000000000001e-07,4.0199999999999996e-08,17.47757118,52.73186727,52.73186727,37.362598,-121.929001,37.89419937,-121.237999,Intra-CA,C680,35.64265869,1,2.090909090909091,32.0,32.0,0.0002755429292929293,0.001015037037037037,0.0436,0.9828583332999999
SCKSNA,SCKSNA,SCK,SNA,20,51.8,16.95,0.7089319559999999,2.234291658,0.0009400989999999999,0.006151167,0.010815151,0.001256007,0.000300339,5.2000000000000004e-05,1.29e-06,1.2699999999999999e-07,8.0,346.9647411,346.9647411,37.89419937,-121.237999,33.67570114,-117.86799620000001,Intra-CA,C680,44.68583316,1,2.090909090909091,20.0,20.0,0.0007342171717171715,0.005799722222222222,0.0436,0.9828583332999999
SNASCK,SCKSNA,SNA,SCK,16,51.6625,17.3125,0.709155291,2.235051163,0.0009385639999999999,0.0064905,0.010524789,0.001361506,0.000323593,5.39e-05,1.59e-06,1.67e-07,8.25,346.9647411,346.9647411,33.67570114,-117.86799620000001,37.89419937,-121.237999,Intra-CA,C680,35.76081861,1,2.090909090909091,16.0,16.0,0.0007346338383838383,0.004628092592592593,0.1298,3.7754140539999996
SCKVNY,SCKVNY,SCK,VNY,12,39.35,16.08333333,0.6779607809999999,2.137723878,0.0020855,0.007705711999999999,0.009156565,0.002722533,0.00048017199999999996,5.7799999999999995e-05,4.68e-06,5.06e-07,8.833333332999999,296.9513605,296.9513605,37.89419937,-121.237999,34.20980072,-118.4899979,Intra-CA,C680,25.65268654,1,2.090909090909091,12.0,12.0,0.0005847811447626263,0.002648870370366667,0.0436,0.9828583332999999
SDMSNA,SDMSNA,SDM,SNA,20,19.65,19.0,1.3210179690000001,4.16632111,0.001603136,0.01356018,0.013337487,0.0048698529999999995,0.000951785,7.31e-05,5.11e-06,4.96e-07,10.65,91.83350154,91.83350154,32.57229996,-116.9800034,33.67570114,-117.86799620000001,Intra-CA,G400,83.32642220000001,1,2.1522727272727273,40.0,20.0,0.00037884532828282827,0.002231296296296296,0.2097,5.432096276
SDMVNY,SDMVNY,SDM,VNY,30,26.66666667,17.53333333,1.000633151,3.154958614,0.00049263,0.008333084000000001,0.010502859,0.002782993,0.000595527,7.87e-05,1.92e-06,2.07e-07,10.96666667,142.6699334,142.6699334,32.57229996,-116.9800034,34.20980072,-118.4899979,Intra-CA,G400,94.64875841,1,2.1522727272727273,60.0,30.0,0.000454595959617298,0.004512314815361111,0.2097,5.432096276
SFOSJC,SFOSJC,SFO,SJC,312,10.88846154,23.08333333,1.6706702390000001,5.271021272,0.001906672,0.014328057,0.024886016,0.009963857,0.0018443970000000002,0.000103488,1.65e-05,1.49e-06,24.6197264,30.22135667,30.22135667,37.61899948,-122.375,37.362598,-121.929001,Intra-CA,C680,1644.5586369999999,1,2.090909090909091,936.0,624.0,0.00029305620305555553,0.019739518521088885,0.024,0.7128
SJCSFO,SFOSJC,SJC,SFO,342,6.44502924,20.12573099,1.0794334079999999,3.406714712,0.001685495,0.00996173,0.015382556,0.007295563000000001,0.001624865,5.93e-05,1.3500000000000001e-05,2.08e-06,27.74848488,30.22135667,30.22135667,37.362598,-121.929001,37.61899948,-122.375,Intra-CA,C680,1165.096432,1,2.090909090909091,1368.0,684.0,0.00022500945121717173,0.013101370370683334,0.0436,0.9828583332999999
SFOSTS,SFOSTS,SFO,STS,710,10.16760563,22.73380282,0.35406655200000003,1.117597734,0.000439736,0.004272852,0.0028567159999999996,0.001254383,0.00033105699999999994,2.3800000000000003e-05,8.99e-06,7.48e-07,30.61126535,65.86654119,65.86654119,37.61899948,-122.375,38.50899887,-122.8130035,Intra-CA,CL600RJ,793.4943914,0,1.9272727272727272,2840.0,2130.0,0.0002734975102909091,0.04205370368890741,0.024,0.7128
STSSFO,SFOSTS,STS,SFO,724,15.66077348,19.73480663,0.424056819,1.338114778,0.00036999300000000005,0.004194231,0.003491115,0.001177336,0.00037943,2.97e-05,7.76e-06,7.92e-07,30.44544878,65.86654119,65.86654119,38.50899887,-122.8130035,37.61899948,-122.375,Intra-CA,CL600RJ,968.7950996,1,1.9272727272727272,2896.0,1448.0,0.0003156521569222222,0.06477662962697407,0.0436,0.9828583332999999
SFOTOA,SFOTOA,SFO,TOA,12,53.26666667,30.16666667,0.738833613,2.328456461,0.000349551,0.006601948000000001,0.011301581000000002,0.001004853,0.00027063900000000004,4.8899999999999996e-05,2.48e-07,1.2e-08,8.0,347.30557969999995,347.30557969999995,37.61899948,-122.375,33.80339813,-118.3399963,Intra-CA,C680,27.94147753,1,2.090909090909091,12.0,12.0,0.0008246801347373737,0.003592296296522222,0.024,0.7128
SFOTRM,SFOTRM,SFO,TRM,34,54.51176471,28.38235294,0.6095438129999999,1.9213623819999999,0.000558234,0.00488089,0.007797566,0.001308465,0.00027293,9.75e-05,1.66e-06,2.01e-07,9.529411765,444.95210489999994,444.95210489999994,37.61899948,-122.375,33.62670135,-116.1600037,Intra-CA,C680,65.32632097,1,2.090909090909091,68.0,34.0,0.0008292305407424243,0.010407740741514815,0.024,0.7128
TRMSFO,SFOTRM,TRM,SFO,22,64.73636364,18.68181818,0.593096826,1.8692114309999999,0.000425595,0.0040771290000000005,0.006862386999999999,0.0008958960000000001,0.000225093,6.13e-05,2.49e-06,3e-07,9.454545455,444.95210489999994,444.95210489999994,33.62670135,-116.1600037,37.61899948,-122.375,Intra-CA,C680,41.12265148,1,2.090909090909091,22.0,22.0,0.0008941092745959596,0.007964333333774075,0.2809,6.02298322
SFOVCV,SFOVCV,SFO,VCV,32,43.0375,26.625,0.115934741,0.365430635,6.45e-05,0.00045618599999999997,0.002061526,0.000273942,4.68e-05,1.3500000000000001e-05,5.47e-07,1.1800000000000001e-07,121.0130013,348.3407763,348.3407763,37.61899948,-122.375,34.59749985,-117.38300320000002,Intra-CA,A320,11.69378032,0,2.0318181818181817,448.0,288.0,0.0006720520833333333,0.007750444444444445,0.024,0.7128
SFOVNY,SFOVNY,SFO,VNY,527,42.37893738,24.70872865,0.660973611,2.083672185,0.000735363,0.005346239,0.007549431999999999,0.0014728329999999998,0.00029805900000000004,8.58e-05,2.24e-06,2.39e-07,10.89960006,320.4425794,320.4425794,37.61899948,-122.375,34.20980072,-118.4899979,Intra-CA,G400,1098.095241,1,2.1522727272727273,1054.0,527.0,0.0006823319987987375,0.12561849999575464,0.024,0.7128
VNYSFO,SFOVNY,VNY,SFO,466,45.83819742,20.37124464,0.679475782,2.14176357,0.00045172400000000003,0.004719663,0.007796459,0.001281502,0.000303443,8.98e-05,1.89e-06,2.2899999999999997e-07,10.92079234,320.4425794,320.4425794,34.20980072,-118.4899979,37.61899948,-122.375,Intra-CA,G400,998.0618235999999,1,2.1522727272727273,932.0,466.0,0.0006995974823022727,0.11984670369124444,0.3211,8.998573784
SJCSMF,SJCSMF,SJC,SMF,84,20.40952381,17.42857143,0.382884667,1.207236629,0.00021763099999999998,0.002261965,0.005971325,0.001652766,0.000302594,3.14e-05,3.87e-06,1.8e-07,47.16309524,93.75485914,93.75485914,37.362598,-121.929001,38.69540024,-121.5910034,Intra-CA,B737,101.4078768,1,2.059090909090909,504.0,336.0,0.000368631313144697,0.0097136666669,0.0436,0.9828583332999999
SMFSJC,SJCSMF,SMF,SJC,102,22.43333333,16.57843137,0.35878344700000003,1.131185052,0.000291564,0.002125278,0.0058320690000000005,0.0015307379999999998,0.00027192,2.94e-05,4.1e-06,2.0199999999999998e-07,59.50882353,93.75485914,93.75485914,38.69540024,-121.5910034,37.362598,-121.929001,Intra-CA,B737,115.3808753,0,2.059090909090909,714.0,408.0,0.00038705946716893937,0.01293396296105,0.1953,4.3213968000000005
SJCSTS,SJCSTS,SJC,STS,56,19.45714286,18.60714286,0.856838297,2.70173158,0.000491814,0.007155595,0.009639144,0.002410437,0.0005581000000000001,5.05e-05,3.88e-06,3.56e-07,13.46428571,92.64440909,92.64440909,37.362598,-121.929001,38.50899887,-122.8130035,Intra-CA,C680,151.29696850000002,1,2.090909090909091,112.0,56.0,0.00036772366527272724,0.0061855925934962966,0.0436,0.9828583332999999
STSSJC,SJCSTS,STS,SJC,68,23.83529412,17.55882353,1.260702112,3.973950915,0.000724638,0.009639389,0.015474887,0.0029144270000000003,0.000707943,6.7e-05,3.46e-06,2.91e-07,9.490196079,92.64440909,92.64440909,38.50899887,-122.8130035,37.362598,-121.929001,Intra-CA,C680,270.2286622,1,2.090909090909091,68.0,68.0,0.0004127569816111111,0.009158444445337038,0.0436,0.9828583332999999
SJCTRM,SJCTRM,SJC,TRM,30,47.76666667,17.03333333,0.501266792,1.57995984,0.000368431,0.0035859190000000003,0.006397761,0.001139094,0.000262305,7.23e-05,1.16e-06,1.58e-07,10.73333333,414.7329942,414.7329942,37.362598,-121.929001,33.62670135,-116.1600037,Intra-CA,C680,47.39879521,1,2.090909090909091,60.0,30.0,0.0006878282828484849,0.00802759259313889,0.0436,0.9828583332999999
TRMSJC,SJCTRM,TRM,SJC,38,60.36315789,16.18421053,0.67044561,2.1128385659999998,0.00028097,0.003943599,0.008815646,0.001021262,0.000235502,0.000100238,1.23e-06,1.41e-07,9.789473683999999,414.7329942,414.7329942,33.62670135,-116.1600037,37.362598,-121.929001,Intra-CA,C680,80.28786551,1,2.090909090909091,76.0,38.0,0.0008294338117676768,0.01282455555456852,0.2809,6.02298322
TVLSJC,SJCTVL,TVL,SJC,12,38.93333333,17.5,1.226860951,3.866939991,0.000780413,0.009325867,0.014082946,0.001966135,0.000535631,9.609999999999999e-05,7.04e-06,6.76e-07,8.333333332999999,149.180206,149.180206,38.89390182,-119.9950027,37.362598,-121.929001,Intra-CA,CL600,46.40327989,1,2.0954545454545452,12.0,12.0,0.000588794612755808,0.002622666666444445,0.0206,0.9064889599999999
SJCUDD,SJCUDD,SJC,UDD,16,50.35,18.125,0.575849415,1.814697922,0.000194258,0.004555508,0.00891294,0.000747351,0.000223106,4.03e-05,1.8e-07,9.670000000000002e-09,8.0,404.2722102,404.2722102,37.362598,-121.929001,33.74840164,-116.27500149999999,Intra-CA,C680,29.03516676,1,2.090909090909091,16.0,16.0,0.0007239015151515152,0.0045126296296296295,0.0436,0.9828583332999999
UDDSJC,SJCUDD,UDD,SJC,18,59.21111111,16.16666667,0.65842187,2.074749354,0.00018701,0.004975002,0.010283506999999999,0.000731066,0.000212158,4.74e-05,1.7600000000000001e-07,7.11e-09,8.0,404.2722102,404.2722102,33.74840164,-116.27500149999999,37.362598,-121.929001,Intra-CA,C680,37.34548836,1,2.090909090909091,18.0,18.0,0.0008159539842929293,0.005959555555449999,0.1298,3.7754140539999996
SJCVNY,SJCVNY,SJC,VNY,438,39.12283105,17.27625571,0.43129333700000005,1.359494489,0.00027009,0.002779111,0.005721179,0.000923333,0.000199085,4.46e-05,1.39e-06,1.04e-07,16.38682123,290.762508,290.762508,37.362598,-121.929001,34.20980072,-118.4899979,Intra-CA,C680,595.4585862,1,2.090909090909091,876.0,876.0,0.0005887696600808081,0.09617937036990558,0.0436,0.9828583332999999
VNYSJC,SJCVNY,VNY,SJC,430,41.1372093,17.70930233,0.49340344700000005,1.555253699,0.00034217,0.003337539,0.0064227730000000005,0.001017802,0.000211542,5.01e-05,1.47e-06,1.11e-07,14.27902684,290.762508,290.762508,34.20980072,-118.4899979,37.362598,-121.929001,Intra-CA,C680,668.7590905000001,1,2.090909090909091,860.0,430.0,0.0006145748179444444,0.0992520370316574,0.3211,8.998573784
SMFVNY,SMFVNY,SMF,VNY,15,46.56666667,17.3,0.672580947,2.119994319,0.000312179,0.00426308,0.00814586,0.001431975,0.00031572,0.00011292700000000001,1.51e-06,1.98e-07,10.66666667,354.19793450000003,354.19793450000003,38.69540024,-121.5910034,34.20980072,-118.4899979,Intra-CA,C750,31.79991479,1,2.4,30.0,15.0,0.0007553333333777778,0.003914166666944444,0.1953,4.3213968000000005
VNYSMF,SMFVNY,VNY,SMF,16,53.1,18.125,0.6788694890000001,2.139708799,0.00035914300000000003,0.003854132,0.008290671,0.001165615,0.00025567200000000003,8.740000000000001e-05,1.11e-06,1.34e-07,9.6875,354.19793450000003,354.19793450000003,34.20980072,-118.4899979,38.69540024,-121.5910034,Intra-CA,C750,34.23534078,1,2.4,32.0,16.0,0.0008470277777777778,0.004757074074074074,0.3211,8.998573784
SNATRM,SNATRM,SNA,TRM,43,12.91395349,17.80232558,1.5792762790000001,4.986805771,0.014065068,0.033757817,0.023659733,0.016793949,0.002399362,0.000123291,3.79e-05,4.12e-06,8.534883721,98.50348153,98.50348153,33.67570114,-117.86799620000001,33.62670135,-116.1600037,Intra-CA,BE400,214.4326482,1,2.0318181818181817,43.0,43.0,0.00028300628377853537,0.0031833518522351853,0.1298,3.7754140539999996
TRMSNA,SNATRM,TRM,SNA,38,18.83684211,18.07894737,1.4256168880000002,4.498859493,0.008917448,0.025507796,0.020369773,0.010908184,0.001785945,0.000110576,2.23e-05,2.44e-06,8.473684211,98.50348153,98.50348153,33.62670135,-116.1600037,33.67570114,-117.86799620000001,Intra-CA,BE400,170.9566607,1,2.0318181818181817,38.0,38.0,0.0003513999203174242,0.0040645555565611115,0.2809,6.02298322
SNATUS,SNATUS,SNA,TUS,27,55.43333333,16.57407407,0.672999287,2.1234475180000003,0.005544092,0.012095676000000001,0.010445431,0.007036355,0.00094882,8.97e-05,1.6899999999999997e-05,1.77e-06,10.17156387,204.76467480000002,416.71388557256853,33.67570114,-117.86799620000001,32.11610031,-110.9410019,Domestic Out-of-CA,BE400,57.33308299,1,2.0318181818181817,54.0,27.0,0.0007561362700482324,0.008373685184675001,0.1298,3.7754140539999996
TUSSNA,SNATUS,TUS,SNA,29,58.44482759,18.32758621,0.524646549,1.653923878,0.002920967,0.006399366,0.005551289,0.006147540999999999,0.000880261,8.690000000000001e-05,1.4000000000000001e-05,1.5e-06,10.26318016,204.76467480000002,416.71388557256853,32.11610031,-110.9410019,33.67570114,-117.86799620000001,Domestic Out-of-CA,BE400,47.96379248,1,2.0318181818181817,58.0,29.0,0.0007998713863366162,0.009483851852471296,0.6119,15.59931067
SNAUDD,SNAUDD,SNA,UDD,12,13.43333333,18.33333333,1.6567082990000002,5.231279518,0.013980653999999999,0.035991193,0.025223129,0.017801274,0.0026498259999999997,0.00011912,3.8799999999999994e-05,4.23e-06,8.333333332999999,91.88948032,91.88948032,33.67570114,-117.86799620000001,33.74840164,-116.27500149999999,Intra-CA,C680,62.77535422,1,2.090909090909091,12.0,12.0,0.00029622895617171716,0.0009235925923666668,0.1298,3.7754140539999996
UDDSNA,SNAUDD,UDD,SNA,16,16.975,20.25,1.490094541,4.702049788,0.011183623,0.030953826,0.021646782000000003,0.011077413000000001,0.001947334,0.00010897299999999999,2.2100000000000002e-05,2.57e-06,8.125,91.88948032,91.88948032,33.74840164,-116.27500149999999,33.67570114,-117.86799620000001,Intra-CA,C680,75.23279659999999,1,2.090909090909091,16.0,16.0,0.00034801767676767673,0.0015491111111111113,0.1298,3.7754140539999996
SNAVNY,SNAVNY,SNA,VNY,244,14.26803279,17.93032787,2.306804311,7.280006577000001,0.011994356000000001,0.037057963,0.028670155,0.016043582,0.002613856,0.000152631,3.13e-05,3.31e-06,9.581967212999999,51.30043012,51.30043012,33.67570114,-117.86799620000001,34.20980072,-118.4899979,Intra-CA,G400,1776.321605,1,2.1522727272727273,488.0,244.0,0.00030855014286527776,0.01990209259684074,0.1298,3.7754140539999996
VNYSNA,SNAVNY,VNY,SNA,240,13.175,18.44166667,2.3246370290000002,7.337164173,0.012117438999999999,0.037579453,0.029387942,0.017472579,0.002809201,0.000144491,3.41e-05,3.65e-06,9.558333333,51.30043012,51.30043012,34.20980072,-118.4899979,33.67570114,-117.86799620000001,Intra-CA,G400,1760.919402,1,2.1522727272727273,480.0,240.0,0.00029832144362121213,0.01812981481488889,0.3211,8.998573784
STSVNY,STSVNY,STS,VNY,36,48.12777778,17.72222222,0.606081413,1.9107537140000002,0.001010997,0.005417473000000001,0.006563788,0.0016932129999999998,0.000318196,7.31e-05,3.08e-06,3.35e-07,10.33333333,381.99177860000003,381.99177860000003,38.50899887,-122.8130035,34.20980072,-118.4899979,Intra-CA,G400,68.78713371,1,2.1522727272727273,72.0,36.0,0.000712257365334091,0.009707629630066668,0.0436,0.9828583332999999
VNYSTS,STSVNY,VNY,STS,43,53.86744186,17.31395349,0.6741095490000001,2.124795288,0.000522375,0.004465019000000001,0.007805195,0.001275705,0.00025990400000000004,8.190000000000001e-05,1.72e-06,1.9e-07,9.930232558,381.99177860000003,381.99177860000003,34.20980072,-118.4899979,38.50899887,-122.8130035,Intra-CA,G400,91.36619738,1,2.1522727272727273,86.0,43.0,0.0007786187749623736,0.012964740740636112,0.3211,8.998573784
TOAVNY,TOAVNY,TOA,VNY,12,7.766666667000001,17.66666667,2.1450464019999997,6.765590937000001,0.002317457,0.027382817,0.029804175,0.010908903000000001,0.0032907659999999997,9.54e-05,2.63e-06,1.4599999999999998e-07,8.0,29.30438498,29.30438498,33.80339813,-118.3399963,34.20980072,-118.4899979,Intra-CA,C680,81.18709124,1,2.090909090909091,12.0,12.0,0.00022670033672272726,0.0005450740741000001,0.1298,3.7754140539999996
TRMVNY,TRMVNY,TRM,VNY,68,27.05588235,18.47058824,0.962037495,3.033563165,0.001165314,0.00907742,0.010747762,0.0031549090000000004,0.000666004,8.08e-05,3.96e-06,4.42e-07,11.52560111,139.779818,139.779818,33.62670135,-116.1600037,34.20980072,-118.4899979,Intra-CA,G400,206.2822952,1,2.1522727272727273,136.0,68.0,0.0004644568107455808,0.01038085185077037,0.2809,6.02298322
VNYTRM,TRMVNY,VNY,TRM,71,21.25492958,17.6971831,0.850974034,2.6840403619999997,0.001249407,0.008324291999999999,0.00944184,0.003515082,0.0007176560000000001,7.23e-05,4.87e-06,5.560000000000001e-07,11.8695898,139.779818,139.779818,34.20980072,-118.4899979,33.62670135,-116.1600037,Intra-CA,G400,190.5668657,1,2.1522727272727273,142.0,71.0,0.00039079771308409087,0.008545592593601851,0.3211,8.998573784
TUSVNY,TUSVNY,TUS,VNY,27,64.95185185,16.98148148,0.531516373,1.675117346,0.001425685,0.003992648,0.005974617,0.00329352,0.0005377180000000001,7.58e-05,6.83e-06,7.440000000000001e-07,8.851851852000001,232.4661648,460.58938055015915,32.11610031,-110.9410019,34.20980072,-118.4899979,Domestic Out-of-CA,C750,45.22816835,1,2.4,27.0,27.0,0.0009986995884444445,0.0098024814812,0.6119,15.59931067
VNYTUS,TUSVNY,VNY,TUS,29,54.99655172,17.22413793,0.586232112,1.848382304,0.001392395,0.005207621,0.007724476,0.002754364,0.000491214,7.44e-05,5.09e-06,5.520000000000001e-07,9.137931034,232.4661648,460.58938055015915,34.20980072,-118.4899979,32.11610031,-110.9410019,Domestic Out-of-CA,C750,53.6030868,1,2.4,29.0,29.0,0.0008673103447666665,0.008925333332663888,0.3211,8.998573784
UDDVNY,UDDVNY,UDD,VNY,15,26.7,17.3,1.028594728,3.2419074880000003,0.000557883,0.009315467,0.013844563999999998,0.002266657,0.00061478,6.51e-05,2.14e-06,1.94e-07,8.6,131.0959899,131.0959899,33.74840164,-116.27500149999999,34.20980072,-118.4899979,Intra-CA,C680,48.62861231,1,2.090909090909091,15.0,15.0,0.0004445959595959595,0.002258611111111111,0.1298,3.7754140539999996
VNYUDD,UDDVNY,VNY,UDD,13,19.86923077,18.34615385,0.83242315,2.6238235359999997,0.000582026,0.008624895,0.01245548,0.002305042,0.0006905430000000001,4.970000000000001e-05,5.560000000000001e-07,3.07e-08,8.0,131.0959899,131.0959899,34.20980072,-118.4899979,33.74840164,-116.27500149999999,Intra-CA,C680,34.10970597,1,2.090909090909091,13.0,13.0,0.0003710606060909091,0.001465388888949074,0.3211,8.998573784
